▼,Player,Age,Team,Lg,WAR,G,PA,AB,R,H,2B,3B,HR,RBI,SB,CS,BB,SO,BA,OBP,SLG,OPS,OPS+,rOBA,Rbat+,TB,GIDP,HBP,SH,SF,IBB,Pos,Awards
740,Aaron Judge,33,NYY,AL,9.7,152,679,541,137,179,30,2,53,114,12,5,124,160,0.331,0.457,0.688,1.144,214,0.461,212,372,16,7,0,7,36,9D/H,"AS,MVP-1,SS"
753,Cal Raleigh#,28,SEA,AL,7.4,159,705,596,110,147,24,0,60,125,14,4,97,188,0.247,0.359,0.589,0.948,166,0.392,165,351,6,9,0,3,17,*2D/H,"AS,MVP-2,SS"
745,Bobby Witt Jr.,25,KCR,AL,7.1,157,687,623,99,184,47,6,23,88,38,9,49,125,0.295,0.351,0.501,0.852,137,0.37,136,312,7,8,0,7,8,*6/D,"AS,MVP-4,GG,SS"
758,Geraldo Perdomo#,25,ARI,NL,7,161,720,597,98,173,33,5,20,100,27,6,94,83,0.29,0.389,0.462,0.851,136,0.382,139,276,11,10,8,11,1,*6/H,"MVP-4,SS"
756,Julio Rodríguez,24,SEA,AL,6.8,160,710,652,106,174,31,4,32,95,30,6,44,152,0.267,0.324,0.474,0.798,125,0.353,133,309,15,12,0,2,5,*8/DH,"AS,MVP-6"
761,Shohei Ohtani*,30,LAD,NL,6.6,158,727,611,146,172,25,9,55,102,20,6,109,187,0.282,0.392,0.622,1.014,181,0.423,175,380,9,3,0,2,20,*D1,"AS,MVP-1,SS"
580,Corey Seager*,31,TEX,AL,6.2,102,445,380,61,103,19,0,21,50,3,0,58,87,0.271,0.373,0.487,0.86,150,0.37,153,185,13,5,0,2,10,6/D,
717,Nico Hoerner,28,CHC,NL,6.2,156,649,599,89,178,29,4,7,61,29,6,39,49,0.297,0.345,0.394,0.739,115,0.338,118,236,4,7,0,4,1,*4/6,"MVP-19,GG"
757,Juan Soto*,26,NYM,NL,6.2,160,715,577,120,152,20,1,43,105,38,4,127,137,0.263,0.396,0.525,0.921,160,0.41,163,303,17,3,1,6,13,*9/D,"MVP-3,SS"
714,Pete Crow-Armstrong*,23,CHC,NL,6,157,647,591,91,146,37,4,31,95,35,8,29,155,0.247,0.287,0.481,0.768,119,0.337,117,284,1,9,6,12,1,*8/HD,"AS,MVP-9,GG"
760,Matt Olson*,31,ATL,NL,6,162,724,624,98,170,41,2,29,95,1,0,91,176,0.272,0.366,0.484,0.85,139,0.368,136,302,14,4,0,5,2,*3,"AS,MVP-18,GG"
747,Fernando Tatis Jr.,26,SDP,NL,5.9,155,691,594,111,159,27,2,25,71,32,7,89,129,0.268,0.368,0.446,0.814,126,0.368,129,265,6,6,0,2,7,*9/D,"AS,MVP-8,GG"
711,Corbin Carroll*,24,ARI,NL,5.8,143,642,564,107,146,32,17,31,84,32,6,67,153,0.259,0.343,0.541,0.883,140,0.382,137,305,6,7,0,4,4,*9/8DH,"AS,MVP-6,SS"
735,Maikel Garcia,25,KCR,AL,5.8,160,666,595,81,170,39,5,16,74,23,9,62,84,0.286,0.351,0.449,0.8,124,0.348,123,267,14,1,3,5,0,*564/8DH9,"AS,MVP-14,GG"
737,José Ramírez#,32,CLE,AL,5.8,158,673,593,103,168,34,3,30,85,44,7,66,74,0.283,0.36,0.503,0.863,136,0.372,134,298,9,8,0,5,22,*5D,"AS,MVP-3,SS"
647,Jeremy Peña,27,HOU,AL,5.6,125,543,493,68,150,30,2,17,62,20,2,35,93,0.304,0.363,0.477,0.84,132,0.368,132,235,9,12,1,2,2,*6/HD,"AS,MVP-10"
674,Wyatt Langford,23,TEX,AL,5.6,134,573,489,73,118,25,1,22,62,22,6,74,151,0.241,0.344,0.431,0.775,126,0.342,130,211,9,5,0,5,3,*78/H,
730,Brice Turang*,25,MIL,NL,5.6,156,659,584,97,168,28,2,18,81,24,8,66,150,0.288,0.359,0.435,0.794,122,0.355,123,254,3,2,2,5,1,*4/H6,MVP-14
612,Nick Kurtz*,22,ATH,AL,5.4,117,489,420,90,122,26,2,36,86,2,1,63,151,0.29,0.383,0.619,1.002,170,0.418,174,260,4,2,0,3,3,*3/DH,"MVP-12,ROY-1,SS"
707,Trea Turner,32,PHI,NL,5.4,141,639,589,94,179,31,7,15,69,36,7,43,107,0.304,0.355,0.457,0.812,121,0.368,124,269,11,5,0,2,1,*6/DH,MVP-5
719,Gunnar Henderson*,24,BAL,AL,5.3,154,651,577,85,158,34,5,17,68,30,5,62,137,0.274,0.349,0.438,0.787,122,0.349,122,253,7,7,0,5,6,*6/DH,
660,Zach Neto,24,LAA,AL,5.1,128,554,502,82,129,29,1,26,62,26,9,33,149,0.257,0.319,0.474,0.793,117,0.341,115,238,5,14,2,3,6,*6/H,
728,Cody Bellinger*,29,NYY,AL,5.1,152,656,588,89,160,25,5,29,98,13,2,57,90,0.272,0.334,0.48,0.813,124,0.349,123,282,8,2,0,9,1,*798/3H,MVP-14
646,Byron Buxton,31,MIN,AL,4.9,126,542,488,97,129,21,7,35,83,24,0,41,148,0.264,0.327,0.551,0.878,136,0.383,139,269,0,7,0,6,5,*8/D,"AS,MVP-11,SS"
734,Mookie Betts,32,LAD,NL,4.9,150,663,589,95,152,23,2,20,82,8,2,61,68,0.258,0.326,0.406,0.732,105,0.322,102,239,15,3,0,10,2,*6/H9,
684,George Springer,35,TOR,AL,4.8,140,586,498,106,154,27,1,32,84,18,1,69,111,0.309,0.399,0.56,0.959,161,0.414,165,279,14,8,0,4,3,D978/H,"MVP-7,SS"
685,Ceddanne Rafaela,24,BOS,AL,4.7,156,587,546,84,136,34,4,16,63,20,5,28,117,0.249,0.295,0.414,0.708,95,0.309,92,226,9,8,3,2,0,*84/H,GG
750,Jarren Duran*,28,BOS,AL,4.7,157,696,620,86,159,41,13,16,84,24,6,60,169,0.256,0.332,0.442,0.774,114,0.345,118,274,6,12,1,3,1,*78/H9D,
691,Michael Busch*,27,CHC,NL,4.6,155,592,524,78,137,25,5,34,90,4,0,56,139,0.261,0.343,0.523,0.866,148,0.376,148,274,2,10,0,2,2,*3H/D,MVP-16
695,Kyle Tucker*,28,CHC,NL,4.6,136,597,500,91,133,25,4,22,73,25,3,87,88,0.266,0.377,0.464,0.841,144,0.375,143,232,8,4,1,3,7,*9D/H,"AS,SS"
741,Vladimir Guerrero Jr.,26,TOR,AL,4.6,156,680,589,96,172,34,0,23,84,6,3,81,94,0.292,0.381,0.467,0.848,133,0.365,133,275,17,6,0,4,8,*3D/H,"AS,MVP-13"
759,Kyle Schwarber*,32,PHI,NL,4.6,162,724,604,111,145,23,2,56,132,10,2,108,197,0.24,0.365,0.563,0.928,150,0.396,149,340,4,11,0,1,6,*D/7,"AS,MVP-2"
572,Will Smith,30,LAD,NL,4.5,110,436,362,64,107,20,1,17,61,2,3,64,89,0.296,0.404,0.497,0.901,153,0.387,151,180,7,5,0,5,1,2H/D,"AS,MVP-20"
713,Dansby Swanson,31,CHC,NL,4.5,159,645,590,84,144,24,3,24,77,20,3,47,168,0.244,0.3,0.417,0.717,106,0.323,108,246,9,2,1,5,1,*6,
662,Ketel Marte#,31,ARI,NL,4.4,126,556,480,87,136,28,0,28,72,4,2,64,83,0.283,0.376,0.517,0.893,145,0.381,142,248,12,9,0,3,6,4D/H,"AS,MVP-22,SS"
722,Junior Caminero,21,TBR,AL,4.4,154,653,602,93,159,28,0,45,110,7,1,41,125,0.264,0.311,0.535,0.846,130,0.366,136,322,31,3,0,7,1,*5/DH3,"AS,MVP-9"
686,Ernie Clement,29,TOR,AL,4.3,157,588,545,83,151,35,2,9,50,6,5,27,61,0.277,0.313,0.398,0.711,95,0.306,91,217,13,4,7,5,1,5463H,
700,Tyler Soderstrom*,23,ATH,AL,4.3,158,624,561,75,155,34,1,25,93,8,3,55,141,0.276,0.346,0.474,0.82,124,0.352,125,266,18,6,0,2,2,73H/D,
638,Jazz Chisholm Jr.*,27,NYY,AL,4.2,130,531,462,75,112,15,1,31,80,31,8,58,148,0.242,0.332,0.481,0.813,124,0.357,127,222,3,6,1,4,1,45/H,"AS,SS"
642,Matt Chapman,32,SFG,NL,4.1,128,535,454,76,105,23,2,21,61,9,4,71,126,0.231,0.34,0.43,0.77,119,0.341,122,195,8,6,0,4,1,*5,
739,Manny Machado,32,SDP,NL,4.1,159,678,615,91,169,33,0,27,95,14,3,55,131,0.275,0.335,0.46,0.795,119,0.346,115,283,16,3,0,5,4,*5D,"AS,MVP-16,SS"
762,Rafael Devers*,28,2TM,2LG,4.1,163,729,607,99,153,33,0,35,109,1,1,112,192,0.252,0.372,0.479,0.851,139,0.366,139,291,16,6,0,4,10,*D3/5H,
733,Ian Happ#,30,CHC,NL,4,150,663,569,87,138,32,0,23,79,6,3,87,151,0.243,0.342,0.42,0.762,121,0.338,122,239,8,2,0,5,2,*7/DH,GG
754,Randy Arozarena,30,SEA,AL,4,160,709,613,95,146,32,1,27,76,31,6,64,191,0.238,0.334,0.426,0.76,116,0.341,124,261,9,27,0,5,2,*7/D,AS
618,Harrison Bader,31,2TM,2LG,3.9,146,501,448,61,124,24,1,17,54,11,7,39,136,0.277,0.347,0.449,0.796,117,0.344,117,201,5,11,0,3,0,*87H/9,
632,Shea Langeliers,27,ATH,AL,3.9,123,523,481,73,133,32,0,31,72,7,1,36,103,0.277,0.325,0.536,0.861,132,0.363,131,258,10,1,0,5,1,2D/H,
731,William Contreras,27,MIL,NL,3.9,150,659,566,89,147,28,0,17,76,6,4,84,120,0.26,0.355,0.399,0.754,112,0.342,117,226,14,3,0,6,4,*2D/37,
611,Ramón Laureano,30,2TM,2LG,3.8,132,488,441,72,124,26,2,24,76,7,4,35,119,0.281,0.342,0.512,0.855,137,0.363,134,226,10,8,0,4,1,*798/DH,
701,Andy Pages,24,LAD,NL,3.8,156,624,581,74,158,27,1,27,86,14,7,29,135,0.272,0.313,0.461,0.774,115,0.338,115,268,9,8,0,6,0,*897,
723,Trevor Story,32,BOS,AL,3.8,157,654,612,91,161,29,0,25,96,31,1,33,176,0.263,0.308,0.433,0.741,104,0.333,105,265,3,7,1,1,1,*6/HD,
725,J.P. Crawford*,30,SEA,AL,3.8,157,654,570,69,151,24,0,12,58,8,1,74,122,0.265,0.352,0.37,0.722,108,0.322,113,211,11,3,6,1,1,*6/H,
677,Hunter Goodman,25,COL,NL,3.7,144,579,540,73,150,28,5,31,91,1,2,33,152,0.278,0.323,0.52,0.843,120,0.367,124,281,16,4,0,2,0,2D/H,"AS,SS"
744,Willy Adames,29,SFG,NL,3.7,160,686,591,94,133,22,2,30,87,12,4,80,179,0.225,0.318,0.421,0.74,110,0.326,110,249,9,5,0,9,2,*6/D,
746,James Wood*,22,WSN,NL,3.7,157,689,598,87,153,38,0,31,94,15,7,85,221,0.256,0.35,0.475,0.825,132,0.357,132,284,12,3,0,3,8,*7D/H,AS
748,Steven Kwan*,27,CLE,AL,3.7,156,693,625,81,170,29,1,11,56,21,5,55,60,0.272,0.33,0.374,0.705,95,0.312,94,234,3,3,3,7,2,*7/D8,"AS,GG"
541,Max Muncy*,34,LAD,NL,3.6,100,388,313,48,76,10,2,19,67,4,0,64,83,0.243,0.376,0.47,0.846,137,0.37,136,147,4,6,0,5,2,5H,
561,Carson Kelly,30,CHC,NL,3.6,111,421,369,48,92,13,1,17,50,2,0,45,80,0.249,0.333,0.428,0.761,120,0.337,121,158,11,3,0,4,0,2/HD,
591,Kyle Stowers*,27,MIA,NL,3.6,117,457,399,61,115,21,3,25,73,5,1,48,125,0.288,0.368,0.544,0.912,150,0.391,148,217,6,5,1,4,3,79H8/D,AS
729,Eugenio Suárez,33,2TM,2LG,3.6,159,657,588,91,134,28,0,49,118,4,1,46,196,0.228,0.298,0.526,0.824,125,0.354,127,309,11,16,0,7,2,*5/D3H,AS
752,Elly De La Cruz#,23,CIN,NL,3.6,162,699,629,102,166,31,7,22,86,37,8,67,181,0.264,0.336,0.44,0.777,109,0.342,104,277,14,2,0,1,10,*6/DH,"AS,MVP-23"
563,Jonathan Aranda*,27,TBR,AL,3.5,106,422,370,56,117,22,0,14,59,0,2,41,107,0.316,0.393,0.489,0.883,145,0.377,147,181,9,8,0,3,3,3DH,AS
615,Alex Bregman,31,BOS,AL,3.5,114,495,433,64,118,28,0,18,62,1,1,51,70,0.273,0.36,0.462,0.821,128,0.357,130,200,12,9,0,2,3,*5/HD,AS
679,Trent Grisham*,28,NYY,AL,3.5,143,581,494,87,116,9,1,34,74,3,2,82,137,0.235,0.348,0.464,0.811,124,0.363,135,229,7,4,0,1,0,*8/H,
692,Otto Lopez,26,MIA,NL,3.5,143,594,544,66,134,21,0,15,77,15,6,44,82,0.246,0.305,0.368,0.672,87,0.307,89,200,9,3,0,3,2,*64/HD,
702,Freddie Freeman*,35,LAD,NL,3.5,147,627,556,81,164,39,2,24,90,6,2,60,128,0.295,0.367,0.502,0.869,143,0.376,141,279,13,6,0,5,7,*3/H,"AS,MVP-13"
704,Bo Bichette,27,TOR,AL,3.5,139,628,582,78,181,44,1,18,94,4,3,40,91,0.311,0.357,0.483,0.84,129,0.364,132,281,17,3,0,3,2,*6/DH,MVP-16
706,CJ Abrams*,24,WSN,NL,3.4,144,635,580,92,149,35,5,19,60,31,3,37,125,0.257,0.315,0.433,0.748,111,0.338,111,251,5,14,1,3,1,*6/HD,
720,Yandy Díaz,33,TBR,AL,3.4,150,651,583,79,175,29,1,25,83,3,1,57,92,0.3,0.366,0.482,0.848,135,0.364,136,281,12,6,0,5,4,*D3,MVP-18
755,Pete Alonso,30,NYM,NL,3.4,162,709,624,87,170,41,1,38,126,1,2,61,162,0.272,0.347,0.524,0.871,144,0.371,142,327,23,15,0,9,5,*3/D,"AS,MVP-11,SS"
475,Colson Montgomery*,23,CHW,AL,3.3,71,284,255,43,61,9,1,21,55,0,0,25,83,0.239,0.311,0.529,0.84,130,0.357,131,135,3,2,0,1,1,65/H,ROY-5
582,Drake Baldwin*,24,ATL,NL,3.3,124,446,405,56,111,18,2,19,80,0,0,38,68,0.274,0.341,0.469,0.81,127,0.358,130,190,9,3,0,0,0,2HD,ROY-1
640,Marcus Semien,34,TEX,AL,3.3,127,534,470,62,108,16,1,15,62,11,1,50,93,0.23,0.305,0.364,0.669,96,0.301,100,171,8,5,0,9,0,*4,GG
560,Wilyer Abreu*,26,BOS,AL,3.2,115,417,373,53,92,17,0,22,69,6,3,40,101,0.247,0.317,0.469,0.786,116,0.332,112,175,8,0,1,3,5,9H/D,GG
699,Xavier Edwards#,25,MIA,NL,3.2,139,619,561,75,159,20,5,3,43,27,7,49,88,0.283,0.343,0.353,0.695,95,0.317,93,198,6,3,3,3,2,46/HD,
489,Roman Anthony*,21,BOS,AL,3.1,71,303,257,48,75,18,1,8,32,4,1,40,84,0.292,0.396,0.463,0.859,140,0.375,142,119,2,5,0,1,0,97D/H,ROY-3
569,Brett Baty*,25,NYM,NL,3.1,130,432,393,53,100,13,2,18,50,8,0,33,108,0.254,0.313,0.435,0.748,111,0.336,113,171,6,2,0,3,0,54H/D,
574,Matt Shaw,23,CHC,NL,3.1,126,437,393,57,89,21,3,13,44,17,5,38,94,0.226,0.295,0.394,0.69,99,0.309,99,155,2,2,0,4,0,*5/H4,ROY-9
603,Dillon Dingler,26,DET,AL,3.1,126,469,435,54,121,21,2,13,57,0,0,23,110,0.278,0.327,0.425,0.752,108,0.329,109,185,5,9,0,1,2,*2/HD,GG
678,Bryce Harper*,32,PHI,NL,3.1,132,580,501,72,131,32,0,27,75,12,2,70,121,0.261,0.357,0.487,0.844,129,0.367,127,244,5,6,0,3,6,*3/D,
696,Josh Naylor*,28,2TM,2LG,3.1,147,604,543,81,160,29,1,20,92,30,2,48,83,0.295,0.353,0.462,0.816,127,0.365,128,251,17,4,0,5,4,*3D/H,
712,Christian Yelich*,33,MIL,NL,3.1,150,644,573,88,151,21,0,29,103,16,6,64,167,0.264,0.343,0.452,0.795,122,0.35,121,259,6,6,0,1,6,*D7/H,MVP-12
556,Ronald Acuña Jr.,27,ATL,NL,3,95,412,338,74,98,12,1,21,42,9,1,71,102,0.29,0.417,0.518,0.935,164,0.407,162,175,5,3,0,0,4,9/DH,AS
631,Jacob Wilson,23,ATH,AL,3,125,523,486,62,151,26,0,13,63,5,2,27,39,0.311,0.355,0.444,0.8,119,0.354,127,216,16,7,2,1,1,*6/D,"AS,MVP-18,ROY-2"
665,Josh Smith*,27,TEX,AL,3,144,563,495,70,124,23,2,10,35,12,3,55,100,0.251,0.335,0.366,0.7,106,0.318,113,181,3,8,3,1,2,653HD/7948,
693,Sal Frelick*,25,MIL,NL,3,142,594,528,76,152,20,3,12,63,19,6,47,80,0.288,0.351,0.405,0.756,112,0.335,110,214,4,7,3,5,0,*98/H35,
486,Myles Straw,30,TOR,AL,2.9,137,299,267,51,70,14,1,4,32,12,1,19,50,0.262,0.313,0.367,0.68,87,0.311,87,98,5,1,11,1,0,*87H9/4,
530,José Caballero,28,2TM,AL,2.9,126,370,314,52,74,18,1,5,36,49,11,47,98,0.236,0.339,0.347,0.686,93,0.331,100,109,1,3,4,2,0,6954H7/D81,
703,Gleyber Torres,28,DET,AL,2.9,145,628,532,79,136,22,0,16,74,4,1,85,101,0.256,0.358,0.387,0.745,108,0.336,113,206,11,4,0,7,0,*4D/H,AS
721,Brandon Nimmo*,32,NYM,NL,2.9,155,652,587,81,154,27,0,25,92,13,1,50,141,0.262,0.324,0.436,0.76,114,0.335,113,256,8,7,1,7,1,*7/8DH,
466,Daulton Varsho*,28,TOR,AL,2.8,71,271,248,43,59,13,2,20,55,2,0,17,77,0.238,0.284,0.548,0.833,122,0.343,116,136,1,1,0,5,1,8/HD,
509,Danny Jansen,30,2TM,2LG,2.8,98,337,288,38,62,11,0,14,36,0,0,42,86,0.215,0.321,0.399,0.721,101,0.321,104,115,5,4,1,2,0,2H/D,
625,Caleb Durbin,25,MIL,NL,2.8,136,506,445,60,114,25,0,11,53,18,6,30,50,0.256,0.334,0.387,0.721,102,0.33,106,172,10,24,3,4,0,*54H/6,ROY-3
626,Zach McKinstry*,30,DET,AL,2.8,144,511,452,68,117,23,11,12,49,19,5,46,111,0.259,0.333,0.438,0.771,113,0.336,111,198,6,7,1,5,1,5697H/4D13,"AS,SS"
663,Mike Yastrzemski*,34,2TM,2LG,2.8,146,558,477,68,111,28,1,17,46,7,2,72,108,0.233,0.333,0.403,0.735,108,0.328,111,192,7,2,2,5,4,*9H8/7D1,
608,Jackson Merrill*,22,SDP,NL,2.7,115,483,440,59,116,25,6,16,67,1,2,33,108,0.264,0.317,0.457,0.774,113,0.331,108,201,4,4,1,5,1,*8/H,
629,Brendan Donovan*,28,STL,NL,2.7,118,515,460,64,132,32,0,10,50,3,3,42,67,0.287,0.353,0.422,0.775,120,0.338,118,194,4,7,2,4,3,47/6DH,AS
655,Adolis García,32,TEX,AL,2.7,135,547,507,58,115,28,0,19,75,13,4,28,135,0.227,0.271,0.394,0.665,92,0.291,94,200,9,5,0,7,1,*9/DH,
670,Yainer Diaz,26,HOU,AL,2.7,143,567,542,56,139,25,1,20,70,1,1,20,95,0.256,0.284,0.417,0.701,92,0.309,94,226,13,2,0,3,2,*2D/H,
732,Taylor Ward,31,LAA,AL,2.7,157,663,579,86,132,31,2,36,103,4,1,75,175,0.228,0.317,0.475,0.792,116,0.342,117,275,13,3,0,6,1,*7/DH,
495,Taylor Walls#,28,TBR,AL,2.6,101,317,282,36,62,14,1,4,38,14,6,26,70,0.22,0.28,0.319,0.599,67,0.269,66,90,1,0,3,6,0,6/H45D,
581,Carlos Narváez,26,BOS,AL,2.6,118,446,403,51,97,27,0,15,50,1,1,38,111,0.241,0.306,0.419,0.726,100,0.311,97,169,12,1,2,2,0,*2/HD,ROY-6
633,Jorge Polanco#,31,SEA,AL,2.6,138,524,471,64,125,30,0,26,78,6,3,42,82,0.265,0.326,0.495,0.821,131,0.348,134,233,7,3,3,5,1,D4H/53,
718,Seiya Suzuki,30,CHC,NL,2.6,151,651,571,75,140,31,3,32,103,5,2,71,164,0.245,0.326,0.478,0.804,131,0.348,129,273,13,1,0,8,1,D97/H8,MVP-20
656,J.T. Realmuto,34,PHI,NL,2.5,134,550,502,57,129,26,1,12,52,8,2,35,129,0.257,0.315,0.384,0.7,91,0.312,89,193,13,9,0,3,1,*2/DH,
666,Willson Contreras,33,STL,NL,2.5,135,563,490,70,126,31,1,20,80,5,1,44,142,0.257,0.344,0.447,0.791,123,0.349,123,219,15,23,1,4,1,*3D,
512,Sean Murphy,30,ATL,NL,2.4,94,337,291,34,58,13,0,16,45,0,0,35,105,0.199,0.3,0.409,0.709,99,0.314,99,119,9,8,0,3,1,2H/D,
535,Jake Meyers,29,HOU,AL,2.4,104,381,343,53,100,15,2,3,24,16,5,31,67,0.292,0.354,0.373,0.727,103,0.333,109,128,9,3,2,2,0,8/H,
630,Jake Cronenworth*,31,SDP,NL,2.4,135,515,419,61,103,20,1,11,59,3,3,69,107,0.246,0.367,0.377,0.744,108,0.339,114,158,4,15,4,7,1,*436/DH,
648,Ryan O'Hearn*,31,2TM,2LG,2.4,144,544,474,67,133,21,1,17,63,3,1,58,109,0.281,0.366,0.437,0.803,126,0.352,126,207,11,8,0,4,4,3D9H/7,AS
742,Vinnie Pasquantino*,27,KCR,AL,2.4,160,682,621,72,164,33,1,32,113,1,0,49,107,0.264,0.323,0.475,0.798,121,0.343,121,295,14,7,0,5,5,*3D,
458,Edmundo Sosa,29,PHI,NL,2.3,89,261,243,30,67,12,1,11,39,1,1,10,56,0.276,0.307,0.469,0.777,109,0.337,109,114,7,2,3,2,0,456H/78D,
532,Jared Triolo,27,PIT,NL,2.3,107,376,331,41,75,18,2,7,24,13,2,39,76,0.227,0.311,0.356,0.667,86,0.318,94,118,4,2,3,1,1,6534/H1D,
576,Isaac Paredes,26,HOU,AL,2.3,102,438,378,53,96,15,1,20,53,0,1,50,76,0.254,0.352,0.458,0.809,123,0.353,127,173,10,8,0,2,0,5D/H,AS
624,Alejandro Kirk,26,TOR,AL,2.3,130,506,451,45,127,18,0,15,76,1,0,48,59,0.282,0.348,0.421,0.769,111,0.334,110,190,16,1,0,6,2,*2H/D,AS
636,Ben Rice*,26,NYY,AL,2.3,138,530,467,74,119,28,4,26,65,3,2,50,100,0.255,0.337,0.499,0.836,130,0.355,130,233,18,9,0,2,0,3D2H,
683,Ryan McMahon*,30,2TM,2LG,2.3,154,586,509,62,109,23,1,20,53,3,1,70,189,0.214,0.312,0.381,0.693,87,0.305,83,194,7,4,0,3,1,*5/HD,
715,Spencer Torkelson,25,DET,AL,2.3,155,649,563,82,135,27,1,31,78,2,1,72,169,0.24,0.333,0.456,0.789,117,0.339,116,257,12,9,0,5,6,*3D/H,
743,TJ Friedl*,29,CIN,NL,2.3,152,685,579,82,151,22,2,14,53,12,3,81,115,0.261,0.364,0.378,0.742,103,0.341,106,219,7,16,4,5,0,*8/DH,
751,Brent Rooker,30,ATH,AL,2.3,162,699,626,92,164,40,3,30,89,6,1,65,155,0.262,0.335,0.479,0.814,122,0.353,125,300,13,5,0,2,4,*D9/7H,AS
545,Ramón Urías,31,2TM,AL,2.2,112,391,352,33,85,17,0,11,44,3,0,27,88,0.241,0.292,0.384,0.675,89,0.296,86,135,6,2,0,10,0,54H/3D,
588,Iván Herrera,25,STL,NL,2.2,107,452,388,54,110,13,0,19,66,8,2,43,84,0.284,0.373,0.464,0.837,137,0.372,140,180,20,15,0,4,1,D2/7H,
597,Victor Scott II*,24,STL,NL,2.2,138,463,398,54,86,15,1,5,37,34,4,42,111,0.216,0.305,0.296,0.601,73,0.288,71,118,3,10,10,3,0,*8/97,
643,Masyn Winn,23,STL,NL,2.2,129,537,491,72,124,27,0,9,51,9,5,34,102,0.253,0.31,0.363,0.673,91,0.298,89,178,11,8,2,2,0,*6/H,GG
664,Bryson Stott*,27,PHI,NL,2.2,147,560,499,66,128,22,3,13,66,24,5,54,91,0.257,0.328,0.391,0.719,96,0.324,95,195,4,1,2,4,1,*46H,
688,Jackson Chourio,21,MIL,NL,2.2,131,589,549,88,148,35,4,21,78,21,7,30,121,0.27,0.308,0.463,0.77,113,0.339,112,254,13,3,1,6,1,*879/D,
710,Michael Harris II*,24,ATL,NL,2.2,160,641,611,55,152,26,6,20,86,20,6,16,128,0.249,0.268,0.409,0.678,89,0.295,83,250,7,3,4,7,1,*8/H,
727,Riley Greene*,24,DET,AL,2.2,157,655,600,84,155,31,1,36,111,2,1,46,201,0.258,0.313,0.493,0.806,120,0.343,118,296,14,4,0,5,1,*7D8/H9,"AS,MVP-17,SS"
496,Miguel Rojas,36,LAD,NL,2.1,114,317,290,35,76,18,0,7,27,5,0,24,46,0.262,0.318,0.397,0.715,101,0.319,98,115,7,0,3,0,1,456H/13,
736,Ozzie Albies#,28,ATL,NL,2.1,157,667,603,74,145,23,2,16,74,14,3,55,94,0.24,0.306,0.365,0.671,90,0.307,92,220,9,4,0,5,2,*4,
420,Luke Keaschall,22,MIN,AL,2,49,207,182,25,55,14,0,4,28,14,3,19,29,0.302,0.382,0.445,0.827,128,0.377,135,81,4,5,0,1,0,4/D,ROY-9
515,Romy González,28,BOS,AL,2,96,341,315,47,96,23,3,9,53,6,5,18,81,0.305,0.343,0.483,0.826,128,0.363,137,152,8,3,0,5,1,34H/D5,
520,Freddy Fermin,30,2TM,2LG,2,109,347,319,32,80,13,0,5,26,1,2,19,65,0.251,0.297,0.339,0.636,78,0.284,77,108,5,2,7,0,1,2/HD4,
577,Nathan Lukes*,30,TOR,AL,2,135,438,388,55,99,19,2,12,65,2,4,38,60,0.255,0.323,0.407,0.73,100,0.313,97,158,12,2,7,3,2,*978H/D,
579,Isaac Collins#,27,MIL,NL,2,130,441,372,56,98,22,3,9,54,16,7,57,93,0.263,0.368,0.411,0.779,119,0.354,125,153,8,6,3,3,0,*7H/9D54,ROY-4
595,Jeff McNeil*,33,NYM,NL,2,122,462,399,42,97,21,5,12,54,3,0,49,55,0.243,0.335,0.411,0.746,111,0.333,113,164,5,8,2,4,4,487D/H93,
658,Xander Bogaerts,32,SDP,NL,2,136,552,491,63,129,30,0,11,53,20,2,48,94,0.263,0.328,0.391,0.72,100,0.32,94,192,12,4,1,8,3,*6/DH,
388,Tyler Heineman#,34,TOR,AL,1.9,61,174,149,25,43,8,1,3,20,2,0,12,31,0.289,0.361,0.416,0.777,114,0.339,112,62,1,6,5,2,0,2/H1,
440,Evan Carter*,22,TEX,AL,1.9,63,220,194,31,48,9,2,5,25,14,2,19,41,0.247,0.336,0.392,0.728,113,0.333,118,76,2,7,0,0,1,8/HD,
448,Jakob Marsee*,24,MIA,NL,1.9,55,234,209,28,61,18,3,5,33,14,6,22,48,0.292,0.363,0.478,0.842,133,0.365,130,100,2,2,0,1,0,87/9H,ROY-8
469,Francisco Alvarez,23,NYM,NL,1.9,76,277,246,32,63,12,1,11,32,0,0,27,73,0.256,0.339,0.447,0.787,122,0.35,126,110,6,4,0,0,0,2/HD,
470,Giancarlo Stanton,35,NYY,AL,1.9,77,281,249,36,68,8,0,24,66,0,0,29,96,0.273,0.35,0.594,0.944,157,0.398,162,148,5,1,0,1,3,D9H/7,
485,Kyle Teel*,23,CHW,AL,1.9,78,297,253,38,69,11,0,8,35,3,1,37,77,0.273,0.375,0.411,0.786,121,0.353,128,104,1,5,1,1,0,2D/H7,
528,Adley Rutschman#,27,BAL,AL,1.9,90,365,322,37,71,16,2,9,29,0,0,40,57,0.22,0.307,0.366,0.673,91,0.297,89,118,8,1,0,2,0,2D/H,
538,Mike Tauchman*,34,CHW,AL,1.9,93,385,335,44,88,17,1,9,40,0,0,45,86,0.263,0.356,0.4,0.756,112,0.339,117,134,5,4,0,1,0,9D/H,
562,Daniel Schneemann*,28,CLE,AL,1.9,131,422,379,48,78,18,1,12,41,9,3,38,117,0.206,0.283,0.354,0.636,75,0.288,77,134,4,3,1,1,1,458H96/7D,
575,Javier Báez,32,DET,AL,1.9,126,437,417,55,107,17,3,12,57,5,1,10,109,0.257,0.282,0.398,0.68,87,0.297,84,166,8,6,0,3,0,6854/H,AS
614,Cam Smith,22,HOU,AL,1.9,134,493,441,55,104,21,3,9,51,8,1,43,137,0.236,0.312,0.358,0.671,87,0.304,88,158,11,7,0,2,0,*9H/D,ROY-10
659,Brandon Lowe*,30,TBR,AL,1.9,134,553,507,79,130,19,0,31,83,3,2,38,149,0.256,0.307,0.477,0.785,115,0.337,117,242,6,2,0,6,1,*4/DH3,AS
672,Miguel Vargas,25,CHW,AL,1.9,138,569,504,80,118,32,2,16,60,6,0,56,100,0.234,0.316,0.401,0.717,100,0.315,98,202,9,6,0,3,0,53/DH7,
705,Lawrence Butler*,24,ATH,AL,1.9,152,630,569,83,133,30,2,21,63,22,7,59,179,0.234,0.306,0.404,0.71,94,0.313,95,230,7,0,2,0,0,*98H,
409,Christian Koss,27,SFG,NL,1.8,74,191,174,25,46,9,0,3,23,4,1,9,45,0.264,0.309,0.368,0.676,93,0.317,103,64,4,3,3,2,0,4H5/61D,
600,Kerry Carpenter*,27,DET,AL,1.8,130,464,433,66,109,18,5,26,62,1,1,18,106,0.252,0.291,0.497,0.788,114,0.335,114,215,3,7,0,2,0,9D7H,
654,Alec Burleson*,26,STL,NL,1.8,139,546,497,54,144,26,2,18,69,5,1,39,79,0.29,0.343,0.459,0.801,126,0.352,126,228,14,3,1,4,1,379D/H1,SS
385,Hyeseong Kim*,26,LAD,NL,1.7,71,170,161,19,45,6,1,3,17,13,1,7,52,0.28,0.314,0.385,0.699,96,0.335,102,62,0,1,1,0,0,4H86,
462,Blaze Alexander,26,ARI,NL,1.7,74,266,230,31,53,12,1,7,28,4,6,22,86,0.23,0.323,0.383,0.706,95,0.315,101,88,5,10,3,1,0,54/H78D,
548,Mauricio Dubón,30,HOU,AL,1.7,133,398,369,43,89,21,0,7,33,3,0,24,42,0.241,0.289,0.355,0.644,78,0.281,72,131,12,1,3,1,0,74658H/39,GG
564,Brandon Marsh*,27,PHI,NL,1.7,133,425,379,59,106,25,2,11,43,7,1,38,110,0.28,0.342,0.443,0.785,114,0.346,112,168,2,0,3,4,1,*87H/9,
698,Jung Hoo Lee*,26,SFG,NL,1.7,150,617,560,73,149,31,12,8,55,10,3,47,71,0.266,0.327,0.407,0.735,109,0.329,112,228,2,6,0,4,0,*8/HD,
464,Dominic Canzone*,27,SEA,AL,1.6,82,269,243,30,73,11,0,11,32,3,1,20,59,0.3,0.358,0.481,0.84,138,0.361,142,117,6,3,0,2,0,9H/D,
492,Gabriel Moreno,25,ARI,NL,1.6,83,309,277,44,79,12,1,9,40,2,2,29,53,0.285,0.353,0.433,0.786,117,0.341,115,120,6,1,0,2,3,2/DH,
501,Kyle Higashioka,35,TEX,AL,1.6,94,327,303,33,73,14,1,11,47,3,1,20,72,0.241,0.291,0.403,0.693,101,0.305,105,122,5,2,0,2,0,2D/H,
523,Jordan Westburg,26,BAL,AL,1.6,85,352,328,59,87,10,1,17,41,1,2,17,80,0.265,0.313,0.457,0.77,115,0.334,118,150,5,6,0,1,0,54D/H,
554,Kyle Isbel*,28,KCR,AL,1.6,135,409,368,42,94,16,4,4,33,4,5,23,74,0.255,0.301,0.353,0.654,84,0.284,80,130,7,2,13,3,0,*8/H,
555,Spencer Horwitz*,27,PIT,NL,1.6,108,411,364,55,99,26,0,11,51,0,1,44,73,0.272,0.353,0.434,0.787,118,0.346,119,158,7,2,0,1,1,3H/4D,
565,Jake Mangum#,29,TBR,AL,1.6,118,428,405,37,120,18,1,3,40,27,6,19,64,0.296,0.33,0.368,0.698,95,0.313,93,149,4,2,1,1,0,*789/HD,
593,Isiah Kiner-Falefa,30,2TM,2LG,1.6,138,459,431,45,113,21,2,2,40,15,4,17,77,0.262,0.297,0.334,0.631,76,0.291,76,144,9,5,5,1,0,654/H1,
690,Marcell Ozuna,34,ATL,NL,1.6,145,592,487,61,113,19,0,21,68,0,0,94,144,0.232,0.355,0.4,0.756,114,0.342,118,195,11,3,0,7,2,*D/H,
694,Anthony Volpe,24,NYY,AL,1.6,153,596,539,65,114,32,4,19,72,18,8,43,150,0.212,0.272,0.391,0.663,82,0.287,80,211,10,4,3,7,0,*6/H,
497,Alex Call,30,2TM,NL,1.5,110,322,270,43,72,13,2,5,31,2,1,36,55,0.267,0.361,0.385,0.746,113,0.338,117,104,6,6,6,4,0,97H/D8,
517,Javier Sanoja,22,MIA,NL,1.5,118,342,313,40,76,22,4,6,38,6,5,19,41,0.243,0.287,0.396,0.683,88,0.307,92,124,2,2,4,4,0,574H86/13D,GG
557,Bo Naylor*,25,CLE,AL,1.5,123,414,359,46,70,22,1,14,47,1,2,45,99,0.195,0.282,0.379,0.661,81,0.289,80,136,4,1,3,6,0,*2H,
601,Colt Keith*,23,DET,AL,1.5,137,468,414,65,106,22,2,13,45,1,1,48,102,0.256,0.333,0.413,0.746,107,0.326,107,171,7,2,0,4,1,D54H3,
621,Alec Bohm,28,PHI,NL,1.5,120,504,464,53,133,18,3,11,59,2,0,29,82,0.287,0.331,0.409,0.741,102,0.334,105,190,16,5,0,6,0,53,
652,Teoscar Hernández,32,LAD,NL,1.5,134,546,511,65,126,29,1,25,89,5,2,26,134,0.247,0.284,0.454,0.738,104,0.318,100,232,13,3,0,5,0,*9/H,
661,Mike Trout,33,LAA,AL,1.5,130,556,456,73,106,14,1,26,64,2,0,87,178,0.232,0.359,0.439,0.797,121,0.341,117,200,7,6,0,6,10,D9/H,
673,Ke'Bryan Hayes,28,2TM,NL,1.5,152,570,527,50,124,16,3,5,49,12,3,36,111,0.235,0.29,0.306,0.595,65,0.275,64,161,12,5,1,1,1,*5/H,GG
681,Carlos Correa,30,2TM,AL,1.5,144,584,537,63,148,29,0,13,52,0,0,45,113,0.276,0.332,0.402,0.734,103,0.323,103,216,19,1,0,1,0,65/H,
471,Luis Torrens,29,NYM,NL,1.4,92,283,261,20,59,14,1,5,29,1,0,19,56,0.226,0.284,0.345,0.629,78,0.283,78,90,7,2,1,0,0,2H/1D3,
525,Noelvi Marté,23,CIN,NL,1.4,90,360,339,45,89,17,2,14,51,10,3,16,85,0.263,0.3,0.448,0.748,100,0.337,103,152,7,3,0,2,0,95/H8D,
527,Jacob Young,25,WSN,NL,1.4,120,364,324,34,75,10,1,2,31,15,11,27,65,0.231,0.296,0.287,0.583,68,0.268,71,93,7,3,9,1,0,*8H/D,
542,Pedro Pagés,26,STL,NL,1.4,112,389,361,38,83,15,0,11,45,0,0,19,107,0.23,0.272,0.363,0.635,79,0.278,74,131,9,3,3,3,1,*2/34,
568,Luis Robert Jr.,27,CHW,AL,1.4,110,431,382,52,85,12,0,14,53,33,8,40,112,0.223,0.297,0.364,0.661,85,0.307,88,139,8,2,1,3,3,8/DH,
592,Adam Frazier*,33,2TM,2LG,1.4,134,459,419,43,112,20,0,7,44,8,6,26,81,0.267,0.319,0.365,0.684,91,0.302,90,153,8,8,1,5,2,47H9/D5,
627,Josh Jung,27,TEX,AL,1.4,131,511,482,53,121,23,1,14,61,4,1,27,129,0.251,0.294,0.39,0.684,99,0.301,102,188,10,2,0,0,0,*5/DH,
724,Bryan Reynolds#,30,PIT,NL,1.4,154,654,587,68,144,38,3,16,73,3,2,57,173,0.245,0.318,0.402,0.72,99,0.319,99,236,15,7,0,3,1,*9D/H,
445,Davis Schneider,26,TOR,AL,1.3,82,227,188,33,44,5,0,11,31,3,1,36,60,0.234,0.361,0.436,0.797,119,0.36,128,82,4,2,0,1,0,74H/5D,
483,Ben Williamson,24,SEA,AL,1.3,85,295,277,36,70,13,0,1,21,5,1,15,64,0.253,0.294,0.31,0.604,74,0.272,75,86,5,1,2,0,0,5/H,
516,Tyler Stephenson,28,CIN,NL,1.3,88,342,299,40,69,18,0,13,50,0,1,37,116,0.231,0.316,0.421,0.737,99,0.327,99,126,4,2,0,4,1,2D/H,
544,Liam Hicks*,26,MIA,NL,1.3,119,390,332,37,82,13,1,6,45,2,0,43,56,0.247,0.346,0.346,0.693,94,0.32,98,115,5,9,3,3,0,23HD,
573,Nolan Arenado,34,STL,NL,1.3,107,436,401,48,95,18,1,12,52,3,0,28,49,0.237,0.289,0.377,0.666,88,0.297,86,151,10,3,0,4,4,5/DH,
584,Austin Riley,28,ATL,NL,1.3,102,447,416,54,108,20,1,16,54,2,1,27,128,0.26,0.309,0.428,0.737,106,0.321,104,178,9,3,0,1,1,5,
616,Jesús Sánchez*,27,2TM,2LG,1.3,134,497,451,61,107,21,4,14,48,13,3,42,110,0.237,0.304,0.395,0.699,93,0.312,91,178,10,2,0,2,1,*97H8/D,
622,Chase Meidroth,23,CHW,AL,1.3,122,505,450,54,114,15,0,5,23,14,4,45,72,0.253,0.329,0.32,0.649,84,0.303,89,144,14,6,3,1,0,64/H,
667,Nolan Schanuel*,23,LAA,AL,1.3,132,564,488,64,129,23,1,12,53,5,1,59,71,0.264,0.353,0.389,0.742,107,0.329,108,190,10,10,3,4,4,*3,
680,Lars Nootbaar*,27,STL,NL,1.3,135,583,509,68,119,24,1,13,48,4,5,64,119,0.234,0.325,0.361,0.686,96,0.303,94,184,4,6,1,3,3,*798/HD,
405,Matt Thaiss*,30,2TM,AL,1.2,60,190,156,16,34,6,1,1,16,1,1,29,46,0.218,0.349,0.288,0.638,82,0.299,89,45,2,3,1,1,0,2/H3D,
424,Rob Refsnyder,34,BOS,AL,1.2,70,209,182,29,49,12,0,9,30,3,0,24,54,0.269,0.354,0.484,0.838,131,0.368,135,88,6,1,0,2,1,9HD7,
550,Edgar Quero#,22,CHW,AL,1.2,111,403,365,31,98,17,0,5,36,0,1,32,71,0.268,0.333,0.356,0.689,94,0.308,96,130,8,4,0,2,0,2DH,
599,Ryan Jeffers,28,MIN,AL,1.2,119,464,406,47,108,26,0,9,47,1,1,50,91,0.266,0.356,0.397,0.752,108,0.332,109,161,9,7,0,1,1,2D/H,
619,Addison Barger*,25,TOR,AL,1.2,135,502,460,61,112,32,1,21,74,4,1,36,121,0.243,0.301,0.454,0.756,105,0.32,100,209,8,3,0,2,4,59H/D,
641,Paul Goldschmidt,37,NYY,AL,1.2,146,534,489,76,134,31,1,10,45,5,1,36,100,0.274,0.328,0.403,0.731,103,0.321,104,197,8,4,0,2,5,*3H/D8,
675,Jo Adell,26,LAA,AL,1.2,152,573,526,63,124,18,1,37,98,5,1,33,151,0.236,0.293,0.485,0.778,111,0.335,112,255,10,10,0,1,0,*89/HD,
738,Luis Arraez*,28,SDP,NL,1.2,154,675,620,66,181,30,4,8,61,11,4,34,21,0.292,0.327,0.392,0.719,100,0.318,97,243,12,2,12,7,0,*3D4/H,
749,Heliot Ramos,25,SFG,NL,1.2,157,695,620,85,159,24,1,21,69,6,4,52,158,0.256,0.328,0.4,0.728,107,0.319,107,248,16,17,0,6,2,*7/DH,
308,Miguel Amaya,26,CHC,NL,1.1,28,103,96,14,27,9,0,4,25,0,0,4,22,0.281,0.314,0.5,0.814,132,0.363,140,48,0,1,1,1,0,2/DH,
319,Austin Wynns,34,2TM,2LG,1.1,40,110,103,13,30,8,0,6,21,0,0,5,32,0.291,0.321,0.544,0.865,131,0.371,135,56,3,0,1,1,0,2/H3D,
370,Derek Hill,29,2TM,2LG,1.1,57,149,134,19,29,6,0,3,11,7,0,9,48,0.216,0.281,0.328,0.609,70,0.285,66,44,3,3,3,0,0,8/HD,
529,Andrés Giménez*,26,TOR,AL,1.1,101,369,329,39,69,11,1,7,35,12,2,25,66,0.21,0.285,0.313,0.598,66,0.277,65,103,8,11,1,3,0,46/H,
531,Jurickson Profar#,32,ATL,NL,1.1,80,371,318,56,78,16,1,14,43,9,2,48,59,0.245,0.353,0.434,0.787,122,0.355,125,138,4,5,0,0,0,7/D,
534,Tommy Edman#,30,LAD,NL,1.1,97,377,346,49,78,13,1,13,49,3,1,19,61,0.225,0.274,0.382,0.655,83,0.302,88,132,4,6,1,5,0,485/HD,
589,Patrick Bailey#,26,SFG,NL,1.1,135,452,409,47,91,18,3,6,55,1,0,30,133,0.222,0.277,0.325,0.602,72,0.269,70,133,7,3,4,6,0,*2H/D,GG
605,Gabriel Arias,25,CLE,AL,1.1,129,471,432,44,95,25,2,11,54,8,4,27,162,0.22,0.274,0.363,0.638,75,0.277,70,157,8,7,1,4,1,64/5H,
606,Carlos Santana#,39,2TM,2LG,1.1,124,474,415,49,91,11,0,11,54,7,0,52,91,0.219,0.308,0.325,0.633,77,0.289,77,135,7,3,0,4,1,3D/H5,
320,Michael Helman,29,TEX,AL,1,38,110,99,18,23,5,1,5,20,4,0,7,21,0.232,0.29,0.455,0.744,114,0.33,118,45,0,1,3,0,0,8/H6,
355,James McCann,35,ARI,NL,1,42,137,123,18,32,6,0,5,17,0,0,8,33,0.26,0.324,0.431,0.754,107,0.334,109,53,3,4,1,1,0,2/H3,
357,Dylan Beavers*,23,BAL,AL,1,35,137,110,16,25,5,1,4,14,2,2,26,36,0.227,0.375,0.4,0.775,121,0.346,128,44,0,0,1,0,0,79/H,
378,Denzel Clarke,25,ATH,AL,1,47,159,148,18,34,8,2,3,8,6,0,6,61,0.23,0.274,0.372,0.646,76,0.285,69,55,1,3,2,0,0,8/H,
412,David Hamilton*,27,BOS,AL,1,91,194,177,27,35,4,1,6,19,22,6,13,47,0.198,0.257,0.333,0.59,63,0.274,60,59,3,1,3,0,0,4H6/D5,
505,Starling Marte,36,NYM,NL,1,98,329,293,37,79,14,0,9,34,7,2,22,68,0.27,0.335,0.41,0.745,111,0.331,112,120,7,9,1,4,0,DH/79,
514,Tyrone Taylor,31,NYM,NL,1,113,341,310,34,69,18,3,2,27,12,2,16,76,0.223,0.279,0.319,0.598,70,0.276,70,99,4,9,3,2,1,*8H/79,
526,Colton Cowser*,25,BAL,AL,1,92,360,327,36,64,14,0,16,40,14,0,27,128,0.196,0.269,0.385,0.655,83,0.292,79,126,5,6,0,0,1,87/9HD,
539,Kody Clemens*,29,2TM,2LG,1,119,386,348,46,74,12,4,19,52,5,1,29,93,0.213,0.281,0.434,0.715,94,0.306,88,151,4,5,2,2,1,34H79/18D,
586,Tommy Pham,37,PIT,NL,1,120,449,392,44,96,17,1,10,52,5,3,50,94,0.245,0.33,0.37,0.7,95,0.317,98,145,12,2,0,5,3,*7/H9D,
604,Andrew Benintendi*,30,CHW,AL,1,116,470,420,57,101,16,2,20,63,1,0,40,82,0.24,0.307,0.431,0.738,104,0.322,105,181,5,3,0,6,2,7D/H,
613,Ty France,30,2TM,AL,1,138,490,444,50,114,25,0,7,52,1,0,22,83,0.257,0.32,0.36,0.681,88,0.307,90,160,11,21,0,3,1,*3H/D4,GG
716,Jackson Holliday*,21,BAL,AL,1,149,649,586,70,142,21,3,17,55,17,11,56,140,0.242,0.314,0.375,0.69,95,0.305,97,220,4,6,0,1,1,*4/6DH,
372,Jahmai Jones,27,DET,AL,0.9,72,150,129,21,37,11,1,7,23,2,0,18,32,0.287,0.387,0.55,0.937,157,0.403,160,71,3,3,0,0,1,HD97/4,
397,Sam Haggerty#,31,TEX,AL,0.9,64,182,162,31,41,7,3,2,13,12,4,16,37,0.253,0.328,0.37,0.698,105,0.334,123,60,1,2,1,0,1,H78D/49,
454,Tyler Fitzgerald,27,SFG,NL,0.9,72,243,217,19,47,10,1,4,14,9,4,17,70,0.217,0.278,0.327,0.606,73,0.276,75,71,3,2,6,1,0,4/H9,
482,Heriberto Hernández,25,MIA,NL,0.9,87,294,256,40,68,12,1,10,45,1,1,31,77,0.266,0.347,0.438,0.784,117,0.344,116,112,6,3,0,4,0,7D9H,ROY-13
502,Rhys Hoskins,32,MIL,NL,0.9,90,328,279,30,66,12,1,12,43,2,1,38,91,0.237,0.332,0.416,0.748,109,0.331,108,116,6,5,0,6,2,3/HD,
533,Jake Burger,29,TEX,AL,0.9,103,376,356,43,84,15,1,16,53,1,1,12,93,0.236,0.269,0.419,0.687,98,0.298,100,149,3,5,0,3,0,3DH,
540,Victor Caratini#,31,HOU,AL,0.9,114,386,344,35,89,14,0,12,46,1,0,23,65,0.259,0.324,0.404,0.728,101,0.319,101,139,8,13,0,6,0,2DH3,
687,Jordan Beck,24,COL,NL,0.9,148,588,539,62,139,27,5,16,53,19,8,43,174,0.258,0.317,0.416,0.732,94,0.327,94,224,9,4,0,1,0,*7H/D8,
257,Carter Jensen*,21,KCR,AL,0.8,20,69,60,12,18,6,0,3,13,0,0,9,12,0.3,0.391,0.55,0.941,162,0.399,162,33,1,0,0,0,0,2D/H,
259,José Fermín,26,STL,NL,0.8,30,70,60,5,17,5,0,1,9,2,2,8,10,0.283,0.377,0.417,0.793,126,0.358,137,25,0,1,1,0,0,4/H579D,
285,Brett Harris,27,ATH,AL,0.8,32,84,73,11,20,5,0,0,5,1,0,7,21,0.274,0.349,0.342,0.692,93,0.318,99,25,1,2,1,1,0,5/3H,
322,Leo Rivas#,27,SEA,AL,0.8,48,111,90,19,22,2,0,2,9,6,0,20,24,0.244,0.387,0.333,0.721,110,0.343,120,30,1,1,0,0,0,4H/6D5179,
353,Andruw Monasterio,28,MIL,NL,0.8,68,135,126,19,34,9,0,4,16,2,1,7,32,0.27,0.319,0.437,0.755,110,0.333,110,55,1,2,0,0,0,63H4/57,
423,Nacho Alvarez Jr.,22,ATL,NL,0.8,58,208,188,18,44,12,0,2,15,0,0,12,49,0.234,0.296,0.33,0.626,78,0.28,74,62,1,5,2,1,0,5/H,
463,Keibert Ruiz#,26,WSN,NL,0.8,68,267,255,19,63,12,0,2,25,0,2,8,26,0.247,0.277,0.318,0.595,69,0.271,73,81,4,3,0,1,0,2/H,
513,Miguel Andujar,30,2TM,2LG,0.8,94,341,321,36,102,17,1,10,44,1,0,17,49,0.318,0.352,0.47,0.822,124,0.355,124,151,8,1,0,2,1,57DH/39,
522,Daylen Lile*,22,WSN,NL,0.8,91,351,321,51,96,15,11,9,41,8,6,21,56,0.299,0.347,0.498,0.845,137,0.368,142,160,5,4,1,3,0,97D/H,ROY-5
537,Wenceel Pérez#,25,DET,AL,0.8,100,383,344,47,84,17,4,13,43,8,3,31,87,0.244,0.308,0.43,0.738,103,0.316,98,148,5,3,0,5,0,98/H7D,
558,Austin Hays,29,CIN,NL,0.8,103,416,380,60,101,16,5,15,64,7,0,29,107,0.266,0.315,0.453,0.768,106,0.335,101,172,9,1,0,6,2,7D/H,
649,Lenyn Sosa,25,CHW,AL,0.8,140,544,518,57,137,20,1,22,75,2,1,18,127,0.264,0.293,0.434,0.727,101,0.316,101,225,11,4,1,3,0,43D/H5,
297,Nasim Nuñez#,24,WSN,NL,0.7,39,92,82,13,19,2,0,4,13,9,1,8,20,0.232,0.297,0.402,0.699,97,0.323,94,33,1,0,1,1,0,64H/8D,
302,Carlos Cortes*,28,ATH,AL,0.7,42,99,94,11,29,8,1,4,14,0,0,3,20,0.309,0.323,0.543,0.866,133,0.36,131,51,3,0,0,2,0,9H/75D,
304,Alex Jackson,29,BAL,AL,0.7,36,100,91,17,20,8,0,5,8,0,0,5,37,0.22,0.29,0.473,0.763,112,0.323,108,43,2,4,0,0,0,2/H1D,
359,Kyren Paris,23,LAA,AL,0.7,44,140,126,20,24,4,1,6,11,7,1,10,59,0.19,0.266,0.381,0.647,77,0.302,83,48,1,3,0,0,0,84/H7D,
396,Austin Martin,26,MIN,AL,0.7,50,181,156,22,44,8,1,1,7,11,4,22,31,0.282,0.374,0.365,0.74,106,0.333,107,57,6,1,2,0,0,78/H4,
399,Graham Pauley*,24,MIA,NL,0.7,62,184,161,18,36,9,1,4,11,2,0,21,36,0.224,0.311,0.366,0.678,89,0.303,85,59,1,0,1,1,0,5/438,
401,Ronny Mauricio#,24,NYM,NL,0.7,61,184,168,19,38,6,0,6,10,4,0,15,54,0.226,0.293,0.369,0.663,88,0.303,89,62,5,1,0,0,1,5H/46D,
415,Yordan Alvarez*,28,HOU,AL,0.7,48,199,165,17,45,8,0,6,27,1,1,28,33,0.273,0.367,0.43,0.797,121,0.339,117,71,1,0,0,6,5,D7/H,
433,Kameron Misner*,27,TBR,AL,0.7,71,217,197,27,42,9,1,5,22,8,1,16,69,0.213,0.273,0.345,0.618,72,0.279,69,68,1,1,1,2,0,89/7HD,
435,Jake Bauers*,29,MIL,NL,0.7,85,218,183,28,43,9,0,7,28,8,1,32,59,0.235,0.353,0.399,0.752,111,0.34,111,73,1,2,0,1,1,3H7/D19,
451,Nick Fortes,28,2TM,2LG,0.7,97,242,218,19,50,9,1,5,21,1,0,14,47,0.229,0.296,0.349,0.644,79,0.293,81,76,7,7,2,1,0,2H/D,
465,Eli White,31,ATL,NL,0.7,105,271,256,43,60,8,3,10,35,10,1,11,70,0.234,0.27,0.406,0.677,89,0.308,89,104,2,2,1,1,1,97H/D83,
473,Henry Davis,25,PIT,NL,0.7,87,283,252,25,42,7,0,7,22,2,1,18,76,0.167,0.234,0.278,0.512,42,0.237,40,70,2,5,3,3,0,2/HD,
478,Yoán Moncada#,30,LAA,AL,0.7,84,289,248,39,58,13,2,12,35,0,0,32,75,0.234,0.336,0.448,0.783,116,0.339,116,111,4,7,0,2,1,5H/D,
511,Connor Norby,25,MIA,NL,0.7,88,337,311,42,78,17,1,8,34,8,2,18,90,0.251,0.3,0.389,0.689,90,0.317,95,121,3,5,0,3,0,5/HD,
651,Gavin Sheets*,29,SDP,NL,0.7,145,545,492,57,124,28,1,19,71,2,1,44,107,0.252,0.317,0.429,0.746,106,0.326,103,211,9,5,0,4,1,7DH3,
671,Spencer Steer,27,CIN,NL,0.7,146,568,509,66,121,21,2,21,75,7,1,51,129,0.238,0.312,0.411,0.723,95,0.321,93,209,12,5,1,2,0,*3D7/H9,
229,Zach Cole*,24,HOU,AL,0.6,15,52,47,9,12,2,0,4,11,3,0,5,20,0.255,0.327,0.553,0.88,139,0.382,137,26,0,0,0,0,0,/798H,
244,Jonny DeLuca,26,TBR,AL,0.6,20,59,57,5,19,1,3,0,4,6,0,2,13,0.333,0.356,0.456,0.812,125,0.365,119,26,0,0,0,0,0,8/HD,
284,Bryce Johnson#,29,SDP,NL,0.6,55,84,76,9,26,4,0,1,8,4,1,3,19,0.342,0.383,0.434,0.817,128,0.375,135,33,1,2,3,0,0,78H9,
310,Joey Loperfido*,26,TOR,AL,0.6,41,104,96,12,32,4,0,4,14,1,2,4,27,0.333,0.379,0.5,0.879,140,0.381,150,48,2,3,1,0,0,7H/9,
363,DJ LeMahieu,36,NYY,AL,0.6,45,142,128,13,34,3,0,2,12,0,0,14,35,0.266,0.338,0.336,0.674,90,0.307,95,43,4,0,0,0,0,4/H,
410,Andy Ibáñez,32,DET,AL,0.6,91,193,176,24,42,8,0,4,21,4,1,12,26,0.239,0.301,0.352,0.653,81,0.292,80,62,6,4,0,1,0,5H4/3D67,
411,Luisangel Acuña,23,NYM,NL,0.6,95,193,175,30,41,7,0,0,8,16,1,13,37,0.234,0.293,0.274,0.567,63,0.273,59,48,6,2,2,1,0,4H/658,
431,Christian Vázquez,34,MIN,AL,0.6,65,214,190,14,36,7,0,3,14,1,1,18,35,0.189,0.271,0.274,0.545,52,0.259,56,52,3,4,0,2,0,2/H,
455,Will Benson*,27,CIN,NL,0.6,90,253,230,31,52,8,2,12,41,2,2,16,67,0.226,0.273,0.435,0.708,89,0.301,81,100,4,1,0,6,1,97H8/D,
521,Casey Schmitt,26,SFG,NL,0.6,95,348,312,34,74,15,0,12,40,0,0,27,83,0.237,0.305,0.401,0.706,100,0.311,101,125,6,5,1,3,1,453/H6D,
543,Ezequiel Tovar,23,COL,NL,0.6,95,390,360,44,91,18,4,9,33,5,3,21,98,0.253,0.294,0.4,0.694,83,0.305,80,144,2,1,6,2,0,6,
546,Matt Wallner*,27,MIN,AL,0.6,104,392,336,47,68,16,3,22,40,4,3,46,114,0.202,0.311,0.464,0.776,110,0.337,113,156,3,8,0,2,0,9D/H,
551,Royce Lewis,26,MIN,AL,0.6,106,403,376,36,89,18,0,13,52,12,2,25,80,0.237,0.283,0.388,0.671,83,0.303,85,146,7,0,0,2,0,5/DH,
559,Nick Allen,26,ATL,NL,0.6,135,416,371,32,82,11,0,0,22,8,7,31,99,0.221,0.284,0.251,0.535,54,0.243,50,93,8,3,8,3,0,*6/4H,
241,Sal Stewart,21,CIN,NL,0.5,18,58,55,11,14,1,0,5,8,0,0,3,15,0.255,0.293,0.545,0.839,122,0.351,115,30,1,0,0,0,0,3/5H,
256,Moisés Ballesteros*,21,CHC,NL,0.5,20,66,57,12,17,2,1,2,11,0,0,9,12,0.298,0.394,0.474,0.868,152,0.39,159,27,2,0,0,0,1,D/H32,
371,Bryce Teodosio,26,LAA,AL,0.5,50,150,138,12,28,7,2,1,7,7,1,5,47,0.203,0.248,0.304,0.553,53,0.247,42,42,2,4,1,2,0,8,
387,Johan Rojas,24,PHI,NL,0.5,71,172,152,23,34,3,2,1,18,12,2,13,40,0.224,0.28,0.289,0.569,57,0.271,53,44,2,0,4,3,0,8H/D,
443,Tim Tawa,26,ARI,NL,0.5,74,225,199,29,40,8,0,7,18,8,2,20,64,0.201,0.274,0.347,0.62,71,0.284,70,69,6,1,2,3,0,4387H/59,
449,Alexander Canario,25,PIT,NL,0.5,87,234,216,25,47,6,1,6,20,3,1,17,80,0.218,0.274,0.338,0.611,70,0.279,70,73,5,0,0,1,0,789H/D,
457,Cole Young*,21,SEA,AL,0.5,77,257,223,24,47,7,1,4,24,1,0,28,47,0.211,0.302,0.305,0.607,75,0.273,77,68,4,2,2,2,1,4/H6D,
506,Luis Urías,28,ATH,AL,0.5,96,330,287,27,66,7,0,8,25,2,1,31,45,0.23,0.315,0.338,0.653,81,0.302,89,97,9,6,0,3,0,4/5H,
507,Joey Bart,28,PIT,NL,0.5,93,332,285,21,71,12,1,4,30,1,1,40,93,0.249,0.355,0.34,0.696,96,0.32,100,97,14,7,0,0,0,2/HD,
567,Jasson Domínguez#,22,NYY,AL,0.5,123,429,381,58,98,18,1,10,47,23,5,41,115,0.257,0.331,0.388,0.719,101,0.324,102,148,5,3,0,4,1,7HD,ROY-13
617,Cedric Mullins*,30,2TM,2LG,0.5,133,498,435,58,94,23,1,17,59,22,4,50,120,0.216,0.299,0.391,0.69,94,0.311,94,170,2,4,3,6,0,*8/HD,
639,Josh Bell#,32,WSN,NL,0.5,140,533,468,54,111,16,1,22,63,0,3,57,88,0.237,0.325,0.417,0.741,110,0.327,112,195,15,5,0,3,1,D3H,
653,Lourdes Gurriel Jr.,31,ARI,NL,0.5,129,546,500,52,124,24,2,19,80,10,4,31,76,0.248,0.295,0.418,0.713,95,0.314,94,209,11,6,0,9,0,*7D/H,
726,Jose Altuve,35,HOU,AL,0.5,155,654,588,80,156,24,1,26,77,10,6,55,109,0.265,0.329,0.442,0.771,112,0.331,110,260,20,4,1,6,5,4D7/H,
245,Joey Wiemer,26,MIA,NL,0.4,27,61,55,7,13,2,0,3,12,0,0,2,23,0.236,0.279,0.436,0.715,96,0.297,82,24,0,2,0,2,1,9/H7,
253,Nathan Church*,24,STL,NL,0.4,27,65,56,9,10,1,0,1,8,1,0,3,18,0.179,0.254,0.25,0.504,45,0.249,50,14,0,3,2,1,0,8/97H,
337,Oswaldo Cabrera#,26,NYY,AL,0.4,34,122,107,17,26,4,0,1,11,0,1,11,25,0.243,0.322,0.308,0.631,78,0.302,93,33,1,2,1,1,0,5/H379,
398,Jeremiah Jackson,25,BAL,AL,0.4,48,183,170,20,47,10,2,5,21,0,2,11,50,0.276,0.328,0.447,0.775,118,0.329,116,76,6,2,0,0,0,95/HD4,
444,Dominic Smith*,30,SFG,NL,0.4,63,225,204,26,58,12,0,5,33,2,0,15,42,0.284,0.333,0.417,0.75,113,0.329,112,85,5,2,0,4,0,3/HD9,
453,Dylan Moore,32,2TM,AL,0.4,106,243,219,35,44,5,0,11,25,14,5,20,82,0.201,0.267,0.374,0.642,82,0.288,88,82,1,1,0,3,0,H4935/6D8,
476,Riley Adams,29,WSN,NL,0.4,83,286,263,29,49,8,0,8,24,1,0,18,110,0.186,0.252,0.308,0.56,59,0.258,61,81,6,5,0,0,0,2/H3D,
477,Pavin Smith*,29,ARI,NL,0.4,87,288,244,36,63,17,1,8,28,2,2,41,92,0.258,0.362,0.434,0.797,120,0.35,121,106,7,0,0,2,1,D3H,
484,Thomas Saggese,23,STL,NL,0.4,82,295,275,25,71,17,0,2,25,3,0,16,83,0.258,0.299,0.342,0.641,83,0.288,80,94,5,1,1,2,0,465/HD,
570,Jonah Heim#,30,TEX,AL,0.4,124,433,395,38,84,14,0,11,43,3,0,32,88,0.213,0.271,0.332,0.602,76,0.276,83,131,10,1,1,4,0,2DH,
578,Chandler Simpson*,24,TBR,AL,0.4,109,441,414,53,122,15,3,0,26,44,12,20,43,0.295,0.326,0.345,0.671,88,0.306,86,143,10,0,3,2,0,87/HD9,ROY-13
634,Luis García Jr.*,25,WSN,NL,0.4,139,526,488,67,123,28,1,16,66,14,5,27,84,0.252,0.289,0.412,0.701,97,0.31,96,201,7,2,0,9,1,*4H/3D,
637,Kyle Manzardo*,24,CLE,AL,0.4,142,531,470,47,110,19,2,27,70,2,0,48,135,0.234,0.313,0.455,0.768,109,0.331,109,214,7,8,0,5,2,D3H,
645,Luis Rengifo#,28,LAA,AL,0.4,147,541,501,55,119,16,3,9,43,10,7,33,104,0.238,0.287,0.335,0.622,73,0.276,72,168,7,3,1,3,0,54H/9768D,
709,Salvador Perez,35,KCR,AL,0.4,155,641,597,54,141,35,0,30,100,0,0,28,125,0.236,0.284,0.446,0.729,101,0.311,97,266,14,12,0,1,5,2D3,
194,Dominic Fletcher*,27,CHW,AL,0.3,12,34,32,5,7,5,0,1,2,1,0,2,2,0.219,0.265,0.469,0.733,100,0.315,95,15,1,0,0,0,0,/987,
204,Korey Lee,26,CHW,AL,0.3,25,40,35,10,9,3,0,1,3,0,0,4,7,0.257,0.333,0.429,0.762,112,0.375,145,15,1,0,1,0,0,2H/D17,
223,Brice Matthews,23,HOU,AL,0.3,13,47,42,6,7,0,0,4,9,1,0,2,20,0.167,0.222,0.452,0.675,81,0.306,87,19,0,1,2,0,0,4/H5,
238,Daniel Johnson*,29,2TM,2LG,0.3,31,57,53,13,10,3,0,1,1,2,1,4,13,0.189,0.246,0.302,0.548,55,0.256,61,16,0,0,0,0,0,H9/87,
249,Brett Wisely*,26,2TM,NL,0.3,26,63,54,5,10,4,0,1,10,1,1,7,14,0.185,0.279,0.315,0.594,70,0.265,70,17,0,0,2,0,0,4/H56D,
260,Nick Yorke,23,PIT,NL,0.3,22,72,69,7,16,3,0,1,8,1,0,3,15,0.232,0.264,0.319,0.583,62,0.273,64,22,1,0,0,0,0,4/395H,
275,Jhonny Pereda,29,2TM,AL,0.3,28,78,69,4,17,6,0,0,4,0,0,8,21,0.246,0.325,0.333,0.658,83,0.301,88,23,1,0,1,0,0,2/1H,
290,Andrew Knizner,30,SFG,NL,0.3,33,88,77,12,17,1,1,1,5,0,0,7,10,0.221,0.299,0.299,0.598,72,0.312,101,23,0,2,1,1,0,2/DH,
335,Troy Johnston*,28,MIA,NL,0.3,44,121,112,12,31,2,1,4,13,2,2,8,26,0.277,0.331,0.42,0.75,108,0.333,111,47,1,1,0,0,0,397/HD,
360,Reese McGuire*,30,CHC,NL,0.3,44,140,133,17,30,2,0,9,24,0,0,4,27,0.226,0.245,0.444,0.688,95,0.289,87,59,3,0,1,2,0,2/H1,
384,José Tena*,24,WSN,NL,0.3,50,169,152,19,37,13,2,0,16,3,1,15,37,0.243,0.314,0.355,0.669,91,0.297,88,54,4,1,0,1,0,5/4HD,
386,Blake Perkins#,28,MIL,NL,0.3,54,171,155,25,35,6,2,3,19,7,2,15,47,0.226,0.298,0.348,0.647,81,0.296,81,54,4,1,0,0,0,8/HD,
406,Ha-Seong Kim,29,2TM,2LG,0.3,48,191,171,19,40,4,0,5,17,6,2,16,39,0.234,0.304,0.345,0.649,83,0.29,80,59,2,2,0,2,0,6/4H,
407,Amed Rosario,29,2TM,2LG,0.3,62,191,181,20,50,11,0,6,23,1,0,7,31,0.276,0.309,0.436,0.745,109,0.328,109,79,6,2,0,1,0,54H/9D16,
419,Ryan Ritter,24,COL,NL,0.3,60,207,187,22,45,9,3,1,18,3,1,10,61,0.241,0.296,0.337,0.632,69,0.29,67,63,7,5,4,1,0,64/H,
429,Parker Meadows*,25,DET,AL,0.3,58,213,191,22,41,6,2,4,16,4,0,21,56,0.215,0.291,0.33,0.621,73,0.279,69,63,0,0,0,1,0,8/H,
432,Jake Fraley*,30,2TM,NL,0.3,76,217,191,31,46,9,0,6,23,4,3,25,49,0.241,0.332,0.382,0.714,95,0.323,99,73,1,1,0,0,1,9H/7D,
498,Dylan Crews,23,WSN,NL,0.3,85,322,293,43,61,8,2,10,27,17,5,24,76,0.208,0.28,0.352,0.631,79,0.288,79,103,4,5,0,0,0,98/D,
598,Wilmer Flores,33,SFG,NL,0.3,125,463,419,44,101,10,0,16,71,1,0,34,88,0.241,0.307,0.379,0.686,95,0.312,101,159,14,7,0,3,0,D3H/5,
623,Joey Ortiz,26,MIL,NL,0.3,149,506,470,62,108,18,1,7,45,14,3,27,74,0.23,0.276,0.317,0.593,67,0.27,62,149,10,3,6,0,0,*6/H,
650,Oneil Cruz*,26,PIT,NL,0.3,135,544,471,62,94,18,3,20,61,38,5,64,174,0.2,0.298,0.378,0.676,87,0.312,85,178,6,4,0,5,4,*8H/D,
669,Jonathan India,28,KCR,AL,0.3,136,567,497,63,116,29,0,9,45,0,4,54,106,0.233,0.323,0.346,0.669,89,0.299,91,172,10,13,1,2,0,4D75/H,
114,Steward Berroa#,26,MIL,NL,0.2,2,6,5,0,0,0,0,0,0,1,0,1,2,0,0.167,0,0.167,-47,0.308,64,0,0,0,0,0,0,/8,
150,Brian Navarreto,30,MIA,NL,0.2,8,15,14,3,4,2,0,1,5,0,0,0,3,0.286,0.267,0.643,0.91,143,0.362,128,9,0,0,0,1,0,/2,
162,Akil Baddoo*,26,DET,AL,0.2,7,18,17,0,2,1,0,0,1,1,0,1,5,0.118,0.167,0.176,0.343,-4,0.17,-17,3,0,0,0,0,0,/798H,
214,Dustin Harris*,25,TEX,AL,0.2,19,43,40,5,8,3,0,1,2,1,1,3,13,0.2,0.256,0.35,0.606,76,0.258,76,14,1,0,0,0,0,/7H89D,
231,Ryan Fitzgerald*,31,MIN,AL,0.2,24,53,46,10,9,0,0,4,9,1,0,7,8,0.196,0.302,0.457,0.758,106,0.331,105,21,0,0,0,0,0,/46H513D,
233,Drew Millas#,27,WSN,NL,0.2,18,55,49,6,15,5,1,0,7,2,0,4,7,0.306,0.358,0.449,0.807,129,0.357,126,22,0,0,1,0,0,2/DH,
239,Tyler Tolbert,27,KCR,AL,0.2,64,57,50,19,14,2,0,1,6,21,2,1,11,0.28,0.321,0.38,0.701,97,0.392,105,19,1,3,1,2,0,H87/4695D,
273,Eric Haase,32,MIL,NL,0.2,30,77,70,11,16,3,0,2,9,0,0,4,31,0.229,0.289,0.357,0.647,81,0.285,76,25,1,2,1,0,0,2/DH,
286,Tristan Gray*,29,TBR,AL,0.2,30,86,78,9,18,5,0,3,9,0,0,6,19,0.231,0.282,0.41,0.693,91,0.296,86,32,0,0,1,1,0,4/635H,
289,Liover Peguero,24,PIT,NL,0.2,33,88,80,9,16,1,0,4,8,4,0,6,25,0.2,0.273,0.363,0.635,75,0.302,79,29,3,2,0,0,0,6/3H4,
300,Alex Freeland#,23,LAD,NL,0.2,29,97,84,10,16,2,1,2,6,1,0,11,35,0.19,0.292,0.31,0.601,70,0.276,68,26,3,1,1,0,0,54/H,
315,Jon Berti,35,CHC,NL,0.2,51,107,100,12,21,2,0,0,2,11,3,5,22,0.21,0.262,0.23,0.492,45,0.244,48,23,1,2,0,0,0,5H4/19D,
331,Rafael Marchán#,26,PHI,NL,0.2,42,118,105,9,22,4,0,2,13,0,0,10,17,0.21,0.282,0.305,0.587,61,0.266,57,32,1,1,1,1,0,2/H,
334,Ildemaro Vargas#,33,ARI,NL,0.2,38,121,115,12,31,2,1,3,19,0,0,2,15,0.27,0.292,0.383,0.674,86,0.291,78,44,3,2,1,1,0,43/H5D6,
354,Marcelo Mayer*,22,BOS,AL,0.2,44,136,127,20,29,8,1,4,10,0,2,8,41,0.228,0.272,0.402,0.674,85,0.288,85,51,2,0,0,1,0,5/4H6,
362,Jake Rogers,30,DET,AL,0.2,46,142,123,14,23,5,2,3,19,0,0,15,39,0.187,0.277,0.333,0.61,69,0.28,73,41,3,1,1,2,0,2/1HD,
368,Brandon Lockridge,28,2TM,NL,0.2,67,148,134,17,31,7,1,0,11,10,1,8,36,0.231,0.276,0.299,0.574,61,0.266,51,40,2,1,3,2,0,78H9/D,
375,Dalton Rushing*,24,LAD,NL,0.2,53,155,142,15,29,5,0,4,24,0,0,10,58,0.204,0.258,0.324,0.582,63,0.263,61,46,1,1,0,2,0,2/H3D,
383,Yohel Pozo,28,STL,NL,0.2,67,168,160,16,37,8,0,5,19,0,0,7,22,0.231,0.262,0.375,0.637,79,0.281,76,60,4,0,0,1,0,2H/3D,
390,Miles Mastrobuoni*,29,SEA,AL,0.2,76,175,152,20,38,4,0,1,12,6,3,17,29,0.25,0.324,0.296,0.62,80,0.279,82,45,2,0,5,1,0,H5497/13D,
391,Alejandro Osuna*,22,TEX,AL,0.2,63,176,151,12,32,4,0,2,15,5,4,21,34,0.212,0.313,0.278,0.591,76,0.264,79,42,1,2,0,2,1,79/DH8,
417,Masataka Yoshida*,31,BOS,AL,0.2,55,205,188,16,50,11,0,4,26,3,0,10,24,0.266,0.307,0.388,0.696,93,0.32,100,73,3,3,0,4,0,D/H79,
428,Max Schuemann,28,ATH,AL,0.2,101,213,183,20,36,4,2,2,13,7,1,22,35,0.197,0.295,0.273,0.568,59,0.273,63,50,6,4,3,1,0,45H6/789D,
438,Ezequiel Durán,26,TEX,AL,0.2,90,219,205,16,46,14,0,0,14,11,2,8,55,0.224,0.266,0.293,0.559,64,0.251,61,60,3,4,1,1,0,63H45/91D7,
456,Kiké Hernández,33,LAD,NL,0.2,92,256,232,30,47,8,0,10,35,0,0,18,68,0.203,0.255,0.366,0.621,73,0.276,71,85,7,0,1,5,0,357H4/81D,
481,Coby Mayo,23,BAL,AL,0.2,85,294,263,30,57,12,0,11,28,3,0,27,84,0.217,0.299,0.388,0.687,94,0.303,92,102,2,4,0,0,0,3/DH5,
644,Brenton Doyle,27,COL,NL,0.2,138,538,502,57,117,23,2,15,57,18,2,30,138,0.233,0.274,0.376,0.651,72,0.297,69,189,14,0,2,4,0,*8/HD,
708,Christian Walker,34,HOU,AL,0.2,154,640,585,72,139,24,1,27,88,2,1,40,177,0.238,0.297,0.421,0.717,97,0.312,96,246,10,11,0,4,1,*3/DH,
95,Ryne Nelson,27,ARI,NL,0.1,1,1,1,1,1,0,0,0,1,0,0,0,0,1,1,1,2,459,0.901,500,1,0,0,0,0,0,1/H,
103,CJ Stubbs,28,WSN,NL,0.1,1,3,3,0,0,0,0,0,0,0,0,0,0,0,0,0,0,-100,0,-120,0,0,0,0,0,0,/2,
105,Trey Lipscomb,25,WSN,NL,0.1,3,4,4,1,2,0,0,0,0,0,0,0,1,0.5,0.5,0.5,1,187,0.426,179,2,0,0,0,0,0,/356H,
106,Brewer Hicklen,29,DET,AL,0.1,1,4,3,2,2,0,0,0,0,1,0,1,1,0.667,0.75,0.667,1.417,301,0.653,302,2,0,0,0,0,0,/8,
121,Petey Halpin*,23,CLE,AL,0.1,6,8,6,5,2,0,0,0,0,0,0,2,2,0.333,0.5,0.333,0.833,139,0.382,147,2,0,0,0,0,0,/8H7,
132,Jonathan Ornelas,25,2TM,2LG,0.1,6,10,9,1,2,0,0,0,0,0,0,1,3,0.222,0.3,0.222,0.522,55,0.229,45,2,0,0,0,0,0,/645,
135,Coco Montes,28,TBR,AL,0.1,5,10,10,0,2,0,0,0,1,0,0,0,3,0.2,0.2,0.2,0.4,13,0.178,0,2,0,0,0,0,0,/457,
137,Nick Ahmed,35,TEX,AL,0.1,5,10,9,1,0,0,0,0,0,1,0,1,3,0,0.1,0,0.1,-67,0.182,-1,0,1,0,0,0,0,/6,
139,Bryan Ramos,23,CHW,AL,0.1,4,12,12,1,2,2,0,0,2,0,0,0,4,0.167,0.167,0.333,0.5,35,0.206,21,4,0,0,0,0,0,/5H,
141,Vimael Machín*,31,BAL,AL,0.1,4,12,11,1,1,0,0,1,1,0,0,1,2,0.091,0.167,0.364,0.53,45,0.225,37,4,0,0,0,0,0,/5,
143,Kevin Alcántara,22,CHC,NL,0.1,10,12,11,2,4,0,0,0,1,1,0,1,4,0.364,0.417,0.364,0.78,131,0.379,137,4,0,0,0,0,0,/8H7D9,
144,Corey Julks,29,CHW,AL,0.1,6,13,12,2,3,2,0,0,1,0,0,0,3,0.25,0.231,0.417,0.647,76,0.251,54,5,0,0,0,1,0,/7DH,
146,Tyler Black*,24,MIL,NL,0.1,5,13,8,1,2,1,0,0,1,0,1,5,1,0.25,0.538,0.375,0.913,164,0.395,181,3,0,0,0,0,0,/H379,
171,Chadwick Tromp,30,2TM,2LG,0.1,8,22,21,2,3,1,0,1,1,0,0,1,6,0.143,0.182,0.333,0.515,42,0.261,62,7,1,0,0,0,0,/2,
200,Víctor Mesa Jr.*,23,MIA,NL,0.1,16,38,32,7,6,2,0,1,6,0,0,5,5,0.188,0.297,0.344,0.641,78,0.287,74,11,0,0,1,0,0,/798H,
222,Jared Young*,29,NYM,NL,0.1,22,47,43,5,8,1,0,4,6,0,0,2,16,0.186,0.234,0.488,0.722,99,0.302,92,21,1,1,0,1,0,D/H137,
287,Griffin Conine*,27,MIA,NL,0.1,24,86,79,13,20,7,0,2,8,0,1,7,25,0.253,0.314,0.418,0.732,102,0.325,107,33,0,0,0,0,0,7/9DH,
292,Nate Eaton,28,BOS,AL,0.1,41,90,81,16,24,4,0,1,4,9,2,6,19,0.296,0.348,0.383,0.731,105,0.334,104,31,1,1,1,1,0,95/H871D,
298,Vidal Bruján#,27,3TM,2LG,0.1,60,95,87,14,22,5,0,0,8,2,1,6,21,0.253,0.305,0.31,0.616,78,0.274,74,27,1,1,0,1,0,H56/9748D1,
301,J.C. Escarra*,30,NYY,AL,0.1,40,98,84,5,17,5,0,2,11,1,0,11,14,0.202,0.296,0.333,0.629,76,0.291,81,28,1,1,0,2,0,2/3H5D,
307,Enmanuel Valdéz*,26,PIT,NL,0.1,31,102,91,7,19,4,2,2,12,0,0,11,16,0.209,0.294,0.363,0.657,82,0.292,80,33,2,0,0,0,0,3/4H9,
309,Nick Sogard#,27,BOS,AL,0.1,30,104,96,13,25,8,0,0,9,2,1,5,24,0.26,0.317,0.344,0.661,85,0.3,88,33,3,3,0,0,0,3/54H96,
318,Zach Dezenzo,25,HOU,AL,0.1,34,109,98,17,24,6,0,2,10,1,0,11,37,0.245,0.321,0.367,0.688,92,0.313,95,36,2,0,0,0,0,79/D3H,
343,Emmanuel Rivera,29,BAL,AL,0.1,42,127,120,5,30,4,0,0,13,1,0,6,24,0.25,0.291,0.283,0.575,65,0.267,66,34,3,1,0,0,0,5/3HD1,
358,CJ Kayfus*,23,CLE,AL,0.1,44,138,123,16,27,10,1,4,19,4,0,11,38,0.22,0.292,0.415,0.707,93,0.311,90,51,0,2,1,1,0,93/HD,
389,John Rave*,27,KCR,AL,0.1,72,175,153,18,30,5,0,4,14,7,2,18,46,0.196,0.283,0.307,0.59,67,0.266,61,47,1,1,2,1,0,978/HD,
400,Christian Moore,22,LAA,AL,0.1,53,184,162,20,32,5,1,7,16,3,0,19,62,0.198,0.284,0.37,0.655,81,0.289,77,60,3,1,1,1,0,4/H,
499,Michael A. Taylor,34,CHW,AL,0.1,134,325,295,33,59,20,1,9,35,8,3,23,110,0.2,0.259,0.366,0.625,73,0.268,65,108,7,1,4,2,1,*879H/D,
524,Ryan Mountcastle,28,BAL,AL,0.1,89,357,332,34,83,18,0,7,35,3,0,15,98,0.25,0.286,0.367,0.653,84,0.302,91,122,10,4,0,6,0,3D/H,
549,Nolan Gorman*,25,STL,NL,0.1,111,402,351,48,72,14,1,14,46,1,1,47,136,0.205,0.296,0.37,0.666,89,0.294,86,130,1,0,0,4,2,54D/H3,
571,Josh Lowe*,27,TBR,AL,0.1,108,435,396,56,87,21,2,11,40,18,4,33,109,0.22,0.283,0.366,0.65,80,0.289,77,145,7,3,1,2,1,9/HD,
585,Austin Wells*,25,NYY,AL,0.1,126,448,401,51,88,22,1,21,71,5,1,30,118,0.219,0.275,0.436,0.712,95,0.305,92,175,10,5,0,11,0,*2/HD,
602,Alek Thomas*,25,ARI,NL,0.1,143,469,433,51,108,19,3,9,38,7,4,21,122,0.249,0.289,0.37,0.659,82,0.291,78,160,2,5,6,4,0,*8/HD,
607,Max Kepler*,32,PHI,NL,0.1,127,474,417,58,90,19,0,18,52,3,0,48,93,0.216,0.3,0.391,0.691,88,0.303,83,163,10,4,1,4,3,*79H/8,
657,Andrew McCutchen,38,PIT,NL,0.1,135,551,477,51,114,22,0,13,57,1,1,67,118,0.239,0.333,0.367,0.7,95,0.311,94,175,12,2,0,3,5,*D/H97,
668,Trevor Larnach*,28,MIN,AL,0.1,142,567,503,62,126,24,1,17,60,4,4,53,122,0.25,0.323,0.404,0.727,99,0.323,103,203,19,4,0,6,2,D97H,
697,Nathaniel Lowe*,29,2TM,2LG,0.1,153,609,540,64,123,23,3,18,84,1,0,62,159,0.228,0.307,0.381,0.689,94,0.304,93,206,6,2,0,5,2,*3/HD,
1,Bryse Wilson,27,CHW,AL,0,1,0,0,0,0,0,0,0,0,0,0,0,0,,,,,,,,0,0,0,0,0,0,1,
2,Garrett Whitlock,29,BOS,AL,0,1,0,0,0,0,0,0,0,0,0,0,0,0,,,,,,,,0,0,0,0,0,0,1,
3,Chad Wallach,33,LAA,AL,0,1,0,0,0,0,0,0,0,0,0,0,0,0,,,,,,,,0,0,0,0,0,0,/2,
4,Ryan Walker,29,SFG,NL,0,1,0,0,0,0,0,0,0,0,0,0,0,0,,,,,,,,0,0,0,0,0,0,1,
5,Victor Vodnik,25,COL,NL,0,1,0,0,0,0,0,0,0,0,0,0,0,0,,,,,,,,0,0,0,0,0,0,1,
6,Trent Thornton,31,SEA,AL,0,1,0,0,0,0,0,0,0,0,0,0,0,0,,,,,,,,0,0,0,0,0,0,1,
7,Ryan Thompson,33,ARI,NL,0,1,0,0,0,0,0,0,0,0,0,0,0,0,,,,,,,,0,0,0,0,0,0,1,
8,Ryne Stanek,33,NYM,NL,0,1,0,0,0,0,0,0,0,0,0,0,0,0,,,,,,,,0,0,0,0,0,0,1,
9,Bennett Sousa*,30,HOU,AL,0,1,0,0,0,0,0,0,0,0,0,0,0,0,,,,,,,,0,0,0,0,0,0,1,
10,Connor Seabold,29,TBR,AL,0,1,0,0,0,0,0,0,0,0,0,0,0,0,,,,,,,,0,0,0,0,0,0,/1,
11,Tanner Scott,30,LAD,NL,0,1,0,0,0,0,0,0,0,0,0,0,0,0,,,,,,,,0,0,0,0,0,0,1,
12,John Schreiber,31,KCR,AL,0,1,0,0,0,0,0,0,0,0,0,0,0,0,,,,,,,,0,0,0,0,0,0,1,
13,Nick Sandlin,28,TOR,AL,0,1,0,0,0,0,0,0,0,0,0,0,0,0,,,,,,,,0,0,0,0,0,0,1,
14,Andrew Saalfrank*,27,ARI,NL,0,1,0,0,0,0,0,0,0,0,0,0,0,0,,,,,,,,0,0,0,0,0,0,1,
15,Jackson Rutledge,26,WSN,NL,0,1,0,0,0,0,0,0,0,0,0,0,0,0,,,,,,,,0,0,0,0,0,0,1,
16,Tyler Rogers,34,SFG,NL,0,1,0,0,0,0,0,0,0,0,0,0,0,0,,,,,,,,0,0,0,0,0,0,1,
17,Trevor Richards,32,KCR,AL,0,1,0,0,0,0,0,0,0,0,0,0,0,0,,,,,,,,0,0,0,0,0,0,/1,
18,A.J. Puk*,30,ARI,NL,0,2,0,0,0,0,0,0,0,0,0,0,0,0,,,,,,,,0,0,0,0,0,0,/1,
19,PJ Poulin,28,WSN,NL,0,1,0,0,0,0,0,0,0,0,0,0,0,0,,,,,,,,0,0,0,0,0,0,1,
20,Zach Pop,28,SEA,AL,0,1,0,0,0,0,0,0,0,0,0,0,0,0,,,,,,,,0,0,0,0,0,0,/1,
21,Konnor Pilkington*,27,WSN,NL,0,1,0,0,0,0,0,0,0,0,0,0,0,0,,,,,,,,0,0,0,0,0,0,1,
22,Cionel Pérez,29,BAL,AL,0,1,0,0,0,0,0,0,0,0,0,0,0,0,,,,,,,,0,0,0,0,0,0,1,
23,Andre Pallante,26,STL,NL,0,1,0,0,0,0,0,0,0,0,0,0,0,0,,,,,,,,0,0,0,0,0,0,1,
24,Tyler Owens,24,DET,AL,0,1,0,0,0,0,0,0,0,0,0,0,0,0,,,,,,,,0,0,0,0,0,0,/1,
25,Kaleb Ort,33,HOU,AL,0,2,0,0,0,0,0,0,0,0,0,0,0,0,,,,,,,,0,0,0,0,0,0,1,
26,Juan Morillo,26,ARI,NL,0,2,0,0,0,0,0,0,0,0,0,0,0,0,,,,,,,,0,0,0,0,0,0,1,
27,Hoby Milner*,34,TEX,AL,0,2,0,0,0,0,0,0,0,0,0,0,0,0,,,,,,,,0,0,0,0,0,0,1,
28,Shelby Miller,34,ARI,NL,0,2,0,0,0,0,0,0,0,0,0,0,0,0,,,,,,,,0,0,0,0,0,0,1,
29,Juan Mejia,24,COL,NL,0,2,0,0,0,0,0,0,0,0,0,0,0,0,,,,,,,,0,0,0,0,0,0,1,
30,Tyler Matzek*,34,NYY,AL,0,2,0,0,0,0,0,0,0,0,0,0,0,0,,,,,,,,0,0,0,0,0,0,/1,
31,Phil Maton,32,STL,NL,0,1,0,0,0,0,0,0,0,0,0,0,0,0,,,,,,,,0,0,0,0,0,0,1,
32,Justin Martínez,23,ARI,NL,0,2,0,0,0,0,0,0,0,0,0,0,0,0,,,,,,,,0,0,0,0,0,0,1,
33,Joe Mantiply,34,ARI,NL,0,1,0,0,0,0,0,0,0,0,0,0,0,0,,,,,,,,0,0,0,0,0,0,1,
34,Daniel Lynch IV*,28,KCR,AL,0,3,0,0,0,0,0,0,0,0,0,0,0,0,,,,,,,,0,0,0,0,0,0,1,
35,Sam Long*,29,KCR,AL,0,1,0,0,0,0,0,0,0,0,0,0,0,0,,,,,,,,0,0,0,0,0,0,1,
36,Casey Legumina,28,SEA,AL,0,1,0,0,0,0,0,0,0,0,0,0,0,0,,,,,,,,0,0,0,0,0,0,1,
37,Jordan Leasure,26,CHW,AL,0,1,0,0,0,0,0,0,0,0,0,0,0,0,,,,,,,,0,0,0,0,0,0,1,
38,Andrew Kittredge,35,BAL,AL,0,2,0,0,0,0,0,0,0,0,0,0,0,0,,,,,,,,0,0,0,0,0,0,1,
39,Michael Kelly,32,ATH,AL,0,1,0,0,0,0,0,0,0,0,0,0,0,0,,,,,,,,0,0,0,0,0,0,1,
40,Kevin Kelly,27,TBR,AL,0,1,0,0,0,0,0,0,0,0,0,0,0,0,,,,,,,,0,0,0,0,0,0,1,
41,Tommy Kahnle,35,DET,AL,0,1,0,0,0,0,0,0,0,0,0,0,0,0,,,,,,,,0,0,0,0,0,0,1,
42,Griffin Jax,30,MIN,AL,0,1,0,0,0,0,0,0,0,0,0,0,0,0,,,,,,,,0,0,0,0,0,0,1,
43,Kenley Jansen#,37,LAA,AL,0,1,0,0,0,0,0,0,0,0,0,0,0,0,,,,,,,,0,0,0,0,0,0,1,
44,Drey Jameson,27,ARI,NL,0,1,0,0,0,0,0,0,0,0,0,0,0,0,,,,,,,,0,0,0,0,0,0,/1,
45,Jeff Hoffman,32,TOR,AL,0,2,0,0,0,0,0,0,0,0,0,0,0,0,,,,,,,,0,0,0,0,0,0,1,
46,Tim Herrin*,28,CLE,AL,0,1,0,0,0,0,0,0,0,0,0,0,0,0,,,,,,,,0,0,0,0,0,0,1,
47,Ryan Helsley,30,STL,NL,0,1,0,0,0,0,0,0,0,0,0,0,0,0,,,,,,,,0,0,0,0,0,0,1,
48,Emerson Hancock,26,SEA,AL,0,1,0,0,0,0,0,0,0,0,0,0,0,0,,,,,,,,0,0,0,0,0,0,1,
49,Seth Halvorsen,25,COL,NL,0,1,0,0,0,0,0,0,0,0,0,0,0,0,,,,,,,,0,0,0,0,0,0,1,
50,Josh Hader*,31,HOU,AL,0,1,0,0,0,0,0,0,0,0,0,0,0,0,,,,,,,,0,0,0,0,0,0,1,AS
51,Yimi García,34,TOR,AL,0,1,0,0,0,0,0,0,0,0,0,0,0,0,,,,,,,,0,0,0,0,0,0,1,
52,Robert Garcia,29,TEX,AL,0,1,0,0,0,0,0,0,0,0,0,0,0,0,,,,,,,,0,0,0,0,0,0,1,
53,Brandyn Garcia*,25,ARI,NL,0,1,0,0,0,0,0,0,0,0,0,0,0,0,,,,,,,,0,0,0,0,0,0,1,
54,Kody Funderburk*,28,MIN,AL,0,1,0,0,0,0,0,0,0,0,0,0,0,0,,,,,,,,0,0,0,0,0,0,1,
55,Matt Festa,32,CLE,AL,0,1,0,0,0,0,0,0,0,0,0,0,0,0,,,,,,,,0,0,0,0,0,0,1,
56,Jose A. Ferrer*,25,WSN,NL,0,1,0,0,0,0,0,0,0,0,0,0,0,0,,,,,,,,0,0,0,0,0,0,1,
57,Tyler Ferguson,31,ATH,AL,0,1,0,0,0,0,0,0,0,0,0,0,0,0,,,,,,,,0,0,0,0,0,0,1,
58,Carlos Estévez,32,KCR,AL,0,5,0,0,0,0,0,0,0,0,0,0,0,0,,,,,,,,0,0,0,0,0,0,1,AS
59,Lucas Erceg*,30,KCR,AL,0,2,0,0,0,0,0,0,0,0,0,0,0,0,,,,,,,,0,0,0,0,0,0,1,
60,Dietrich Enns*,34,BAL,AL,0,1,0,0,0,0,0,0,0,0,0,0,0,0,,,,,,,,0,0,0,0,0,0,1,
61,Jhoan Duran,27,MIN,AL,0,3,0,0,0,0,0,0,0,0,0,0,0,0,,,,,,,,0,0,0,0,0,0,1,
62,Seranthony Domínguez,30,BAL,AL,0,2,0,0,0,0,0,0,0,0,0,0,0,0,,,,,,,,0,0,0,0,0,0,1,
63,Edwin Díaz,31,NYM,NL,0,1,0,0,0,0,0,0,0,0,0,0,0,0,,,,,,,,0,0,0,0,0,0,1,AS
64,Yerry de los Santos,27,NYY,AL,0,1,0,0,0,0,0,0,0,0,0,0,0,0,,,,,,,,0,0,0,0,0,0,1,
65,Enyel De Los Santos,29,HOU,AL,0,1,0,0,0,0,0,0,0,0,0,0,0,0,,,,,,,,0,0,0,0,0,0,1,
66,Luis Curvelo,24,TEX,AL,0,1,0,0,0,0,0,0,0,0,0,0,0,0,,,,,,,,0,0,0,0,0,0,1,
67,John Curtiss,32,ARI,NL,0,1,0,0,0,0,0,0,0,0,0,0,0,0,,,,,,,,0,0,0,0,0,0,1,
68,Steven Cruz,26,KCR,AL,0,1,0,0,0,0,0,0,0,0,0,0,0,0,,,,,,,,0,0,0,0,0,0,1,
69,Emmanuel Clase,27,CLE,AL,0,1,0,0,0,0,0,0,0,0,0,0,0,0,,,,,,,,0,0,0,0,0,0,1,
70,Taylor Clarke,32,KCR,AL,0,3,0,0,0,0,0,0,0,0,0,0,0,0,,,,,,,,0,0,0,0,0,0,1,
71,Angel Chivilli,22,COL,NL,0,1,0,0,0,0,0,0,0,0,0,0,0,0,,,,,,,,0,0,0,0,0,0,1,
72,Aroldis Chapman*,37,BOS,AL,0,2,0,0,0,0,0,0,0,0,0,0,0,0,,,,,,,,0,0,0,0,0,0,1,"AS,CYA-7,MVP-18"
73,Cade Cavalli,26,WSN,NL,0,1,0,0,0,0,0,0,0,0,0,0,0,0,,,,,,,,0,0,0,0,0,0,1,
74,José Castillo*,29,SEA,AL,0,1,0,0,0,0,0,0,0,0,0,0,0,0,,,,,,,,0,0,0,0,0,0,/1,
75,Yennier Cano,31,BAL,AL,0,1,0,0,0,0,0,0,0,0,0,0,0,0,,,,,,,,0,0,0,0,0,0,1,
76,John Brebbia*,35,DET,AL,0,1,0,0,0,0,0,0,0,0,0,0,0,0,,,,,,,,0,0,0,0,0,0,1,
77,Matt Bowman,34,BAL,AL,0,1,0,0,0,0,0,0,0,0,0,0,0,0,,,,,,,,0,0,0,0,0,0,1,
78,Hayden Birdsong,23,SFG,NL,0,1,0,0,0,0,0,0,0,0,0,0,0,0,,,,,,,,0,0,0,0,0,0,1,
79,Jake Bird,29,COL,NL,0,1,0,0,0,0,0,0,0,0,0,0,0,0,,,,,,,,0,0,0,0,0,0,1,
80,Brennan Bernardino*,33,BOS,AL,0,1,0,0,0,0,0,0,0,0,0,0,0,0,,,,,,,,0,0,0,0,0,0,1,
81,Félix Bautista,30,BAL,AL,0,1,0,0,0,0,0,0,0,0,0,0,0,0,,,,,,,,0,0,0,0,0,0,1,
82,Anthony Banda*,31,LAD,NL,0,1,0,0,0,0,0,0,0,0,0,0,0,0,,,,,,,,0,0,0,0,0,0,1,
83,Bryan Baker,30,BAL,AL,0,1,0,0,0,0,0,0,0,0,0,0,0,0,,,,,,,,0,0,0,0,0,0,1,
84,Kyle Backhus*,27,ARI,NL,0,1,0,0,0,0,0,0,0,0,0,0,0,0,,,,,,,,0,0,0,0,0,0,1,
85,Luinder Avila,23,KCR,AL,0,1,0,0,0,0,0,0,0,0,0,0,0,0,,,,,,,,0,0,0,0,0,0,1,
86,Shawn Armstrong,34,TEX,AL,0,1,0,0,0,0,0,0,0,0,0,0,0,0,,,,,,,,0,0,0,0,0,0,1,
87,Elvis Alvarado,26,ATH,AL,0,1,0,0,0,0,0,0,0,0,0,0,0,0,,,,,,,,0,0,0,0,0,0,1,
88,Keegan Akin*,30,BAL,AL,0,2,0,0,0,0,0,0,0,0,0,0,0,0,,,,,,,,0,0,0,0,0,0,1,
89,Zach Agnos,24,COL,NL,0,1,0,0,0,0,0,0,0,0,0,0,0,0,,,,,,,,0,0,0,0,0,0,1,
90,Bryan Abreu,28,HOU,AL,0,1,0,0,0,0,0,0,0,0,0,0,0,0,,,,,,,,0,0,0,0,0,0,1,
91,Terrin Vavra*,28,BAL,AL,0,1,1,1,0,0,0,0,0,0,0,0,0,0,0,0,0,0,-100,0,-136,0,0,0,0,0,0,/4H,
92,Garrett Stubbs*,32,PHI,NL,0,5,1,1,2,0,0,0,0,0,0,0,0,0,0,0,0,0,-100,0,-125,0,0,0,0,0,0,/DH2,
93,Colin Rea,34,CHC,NL,0,1,1,1,0,0,0,0,0,0,0,0,0,1,0,0,0,0,-100,0,-108,0,0,0,0,0,0,1,
94,Shinnosuke Ogasawara*,27,WSN,NL,0,1,1,1,0,0,0,0,0,0,0,0,0,1,0,0,0,0,-100,0,-117,0,0,0,0,0,0,1,
96,Jack Leiter,25,TEX,AL,0,1,1,1,0,0,0,0,0,0,0,0,0,1,0,0,0,0,-100,0,-127,0,0,0,0,0,0,1/H,ROY-7
97,Tyler Alexander,30,CHW,AL,0,1,1,1,0,0,0,0,0,0,0,0,0,0,0,0,0,0,-100,0,-136,0,0,0,0,0,0,1,
98,Trevor Rogers*,27,BAL,AL,0,1,2,2,0,0,0,0,0,0,0,0,0,2,0,0,0,0,-100,0,-122,0,0,0,0,0,0,1,CYA-9
99,Chuckie Robinson,30,LAD,NL,0,1,2,1,1,0,0,0,0,0,0,0,0,0,0,0,0,0,-100,0,-333,0,0,0,1,0,0,/2,
100,Greg Jones#,27,CHW,AL,0,3,2,2,0,0,0,0,0,0,1,0,0,2,0,0,0,0,-100,0.122,-122,0,0,0,0,0,0,/H9,
101,Justin Dean,28,LAD,NL,0,18,2,2,0,0,0,0,0,0,1,0,0,1,0,0,0,0,-100,0.122,-126,0,0,0,0,0,0,8/H,
102,David Bañuelos,28,BAL,AL,0,1,2,1,0,0,0,0,0,0,0,0,0,1,0,0.5,0,0.5,62,0.358,135,0,0,1,0,0,0,/DH,
108,Kenedy Corona,25,HOU,AL,0,3,4,2,0,0,0,0,0,0,0,0,2,1,0,0.5,0,0.5,58,0.343,118,0,0,0,0,0,0,/8H,
112,Billy Cook,26,PIT,NL,0,3,6,6,1,2,0,0,0,0,0,0,0,1,0.333,0.333,0.333,0.667,87,0.3,86,2,0,0,0,0,0,/9H38,
115,Dom Nuñez*,30,CLE,AL,0,2,7,7,2,2,0,0,0,0,0,0,0,4,0.286,0.286,0.286,0.571,60,0.226,34,2,0,0,0,0,0,/2,
116,Tsung-Che Cheng*,23,PIT,NL,0,3,7,7,0,0,0,0,0,0,0,1,0,3,0,0,0,0,-100,0.057,-35,0,0,0,0,0,0,/64,
117,Rob Brantly*,35,MIA,NL,0,3,7,7,0,3,0,0,0,1,0,0,0,1,0.429,0.429,0.429,0.857,141,0.372,136,3,0,0,0,0,0,/2,
118,Eddie Rosario*,33,2TM,NL,0,5,8,8,1,1,0,0,0,0,0,0,0,2,0.125,0.125,0.125,0.25,-29,0.113,-43,1,0,0,0,0,0,/DH9,
122,Harry Ford,22,SEA,AL,0,8,8,6,1,1,0,0,0,1,0,0,0,3,0.167,0.25,0.167,0.417,24,0.201,26,1,0,1,0,1,0,/2HD,
123,Dairon Blanco,32,KCR,AL,0,9,8,6,2,1,1,0,0,1,3,2,0,2,0.167,0.167,0.333,0.5,36,0.313,144,2,0,0,2,0,0,/H78,
126,Brett Sullivan*,31,PIT,NL,0,3,9,6,1,1,0,0,0,2,0,0,1,3,0.167,0.333,0.167,0.5,46,0.258,56,1,0,1,0,1,0,/2,
128,Logan Porter,29,SFG,NL,0,4,9,7,2,1,0,0,0,1,0,0,1,2,0.143,0.333,0.143,0.476,44,0.258,64,1,0,1,0,0,0,/21,
129,Jhostynxon García,22,BOS,AL,0,5,9,7,0,1,1,0,0,0,0,0,2,5,0.143,0.333,0.286,0.619,76,0.29,81,2,0,0,0,0,0,/79DH,
133,Rhylan Thomas*,25,SEA,AL,0,3,10,8,2,1,1,0,0,2,0,0,1,0,0.125,0.2,0.25,0.45,28,0.282,85,2,0,0,0,1,0,/97,
134,Omar Narváez*,33,CHW,AL,0,4,10,7,1,2,0,0,0,3,0,0,2,1,0.286,0.4,0.286,0.686,98,0.305,93,2,0,0,0,1,0,/2,
152,Tucker Barnhart*,34,TEX,AL,0,8,15,13,0,3,0,0,0,0,0,0,1,4,0.231,0.333,0.231,0.564,71,0.271,81,3,2,1,0,0,0,/21,
157,Owen Miller,28,COL,NL,0,9,17,14,0,2,0,0,0,1,1,0,2,4,0.143,0.294,0.143,0.437,22,0.245,27,2,0,1,0,0,0,/4H5D,
166,José Azócar,29,2TM,NL,0,14,21,19,5,5,0,0,0,1,1,0,2,1,0.263,0.333,0.263,0.596,73,0.288,74,5,0,0,0,0,0,/H978D,
168,Keston Hiura,28,COL,NL,0,8,21,18,3,4,1,0,0,1,0,0,0,7,0.222,0.333,0.278,0.611,66,0.292,70,5,0,3,0,0,0,/3,
170,Bobby Dalbec,30,CHW,AL,0,7,21,18,2,4,1,0,0,1,0,0,3,6,0.222,0.333,0.278,0.611,75,0.279,74,5,1,0,0,0,0,/36H5,
176,David Villar,28,SFG,NL,0,9,25,20,4,4,1,0,0,1,0,0,4,5,0.2,0.36,0.25,0.61,79,0.295,89,5,1,1,0,0,0,/3H5D,
177,Michael Stefanic,29,TOR,AL,0,9,25,22,1,4,0,0,0,0,0,0,3,3,0.182,0.28,0.182,0.462,32,0.221,28,4,0,0,0,0,0,/4H16,
192,Sebastián Rivero,26,LAA,AL,0,11,34,33,4,6,2,0,0,2,1,0,1,9,0.182,0.206,0.242,0.448,24,0.252,47,8,0,0,0,0,0,2,
226,Richie Palacios*,28,TBR,AL,0,17,48,42,10,14,2,0,1,3,4,0,5,9,0.333,0.396,0.452,0.848,137,0.389,140,19,3,0,0,1,0,/473DH9,
232,Luke Maile,34,KCR,AL,0,25,54,45,6,11,2,0,1,6,1,0,7,16,0.244,0.346,0.356,0.702,99,0.318,99,16,1,0,2,0,0,2/H1,
236,Zack Short,30,HOU,AL,0,22,56,50,9,11,2,0,2,7,0,1,4,18,0.22,0.291,0.38,0.671,85,0.278,78,19,0,1,1,0,0,6/HD,
237,Jerar Encarnacion,27,SFG,NL,0,19,56,55,5,11,3,0,2,7,1,0,1,15,0.2,0.214,0.364,0.578,61,0.251,55,20,3,0,0,0,0,9/H73,
248,Maximo Acosta,22,MIA,NL,0,19,61,54,7,11,1,0,3,5,1,2,6,17,0.204,0.295,0.389,0.684,89,0.305,97,21,0,1,0,0,0,5/46,
267,Blaine Crim,28,2TM,2LG,0,20,74,65,10,13,2,0,5,12,0,0,6,28,0.2,0.27,0.462,0.732,94,0.308,86,30,0,1,0,2,0,3/DH,
277,Garrett Mitchell*,26,MIL,NL,0,25,78,68,9,14,4,1,0,3,3,0,7,25,0.206,0.286,0.294,0.58,64,0.269,58,20,0,1,1,1,0,8/H,
280,Jesse Winker*,31,NYM,NL,0,26,81,70,8,16,5,2,1,10,1,0,9,21,0.229,0.309,0.4,0.709,100,0.305,92,28,1,0,0,2,1,D/H7,
293,Tim Anderson,32,LAA,AL,0,31,90,83,8,17,3,0,0,3,1,1,3,29,0.205,0.258,0.241,0.499,41,0.223,33,20,1,3,1,0,0,46/H,
346,Brendan Rodgers,28,HOU,AL,0,43,128,115,12,22,4,0,2,11,0,1,11,46,0.191,0.266,0.278,0.544,52,0.263,63,32,2,1,0,1,0,4/HD,
350,Colby Thomas,24,ATH,AL,0,49,132,120,20,27,5,0,6,19,2,1,7,49,0.225,0.267,0.417,0.684,85,0.304,90,50,3,1,1,3,0,9H8/7D,
365,Warming Bernabel,23,COL,NL,0,40,146,139,15,35,8,1,4,14,1,1,7,25,0.252,0.288,0.41,0.698,84,0.311,85,57,2,0,0,0,0,3/5DH,
376,Kyle Karros,22,COL,NL,0,43,156,137,20,31,4,0,1,9,0,0,15,41,0.226,0.308,0.277,0.585,58,0.274,57,38,5,2,0,2,0,5/DH,
416,José Herrera#,28,ARI,NL,0,57,204,166,21,31,6,0,2,17,0,0,23,47,0.187,0.285,0.259,0.544,53,0.254,49,43,2,1,11,3,0,2/1,
439,Max Muncy,22,ATH,AL,0,63,220,206,17,44,7,0,9,23,1,1,10,68,0.214,0.259,0.379,0.638,73,0.276,71,78,1,3,0,1,0,54/6H,
676,Matt McLain,25,CIN,NL,0,147,577,510,73,112,18,0,15,50,18,2,55,167,0.22,0.3,0.343,0.643,75,0.297,72,175,8,5,3,4,0,*4/6HD,
104,Drew Romo#,23,COL,NL,-0.1,3,3,3,0,0,0,0,0,0,0,0,0,3,0,0,0,0,-100,0,-134,0,0,0,0,0,0,/H2D,
107,Aramis Garcia,32,ARI,NL,-0.1,2,4,4,0,0,0,0,0,0,0,0,0,3,0,0,0,0,-100,0,-126,0,0,0,0,0,0,/2,
109,Sergio Alcántara#,28,SFG,NL,-0.1,1,4,4,0,0,0,0,0,0,0,0,0,2,0,0,0,0,-100,0,-117,0,0,0,0,0,0,/56,
110,Jordyn Adams,25,BAL,AL,-0.1,10,5,5,1,0,0,0,0,0,0,0,0,2,0,0,0,0,-100,0,-125,0,0,0,0,0,0,/89H,
124,Donovan Walton*,31,PHI,NL,-0.1,2,9,8,1,1,0,0,0,1,0,0,0,1,0.125,0.125,0.125,0.25,-31,0.113,-70,1,0,0,1,0,0,/4,
125,Samad Taylor,26,SEA,AL,-0.1,4,9,8,1,1,0,0,0,0,0,0,0,1,0.125,0.125,0.125,0.25,-28,0.099,-68,1,0,0,1,0,0,/98H,
127,Jon Singleton*,33,HOU,AL,-0.1,3,9,9,0,1,0,0,0,0,0,0,0,1,0.111,0.111,0.111,0.222,-38,0.099,-59,1,0,0,0,0,0,/D3H,
130,Justin Foscue,26,TEX,AL,-0.1,4,9,9,0,1,1,0,0,2,0,0,0,3,0.111,0.111,0.222,0.333,-5,0.138,-17,2,0,0,0,0,0,/3DH,
142,Sandy León#,36,ATL,NL,-0.1,5,12,12,1,1,0,0,1,3,0,0,0,4,0.083,0.083,0.333,0.417,11,0.169,-4,4,0,0,0,0,0,/2,
149,Ryan Vilade,26,2TM,NL,-0.1,8,15,13,1,1,0,0,0,0,0,0,2,5,0.077,0.2,0.077,0.277,-16,0.153,-15,1,1,0,0,0,0,/97HD,
151,Jacob Hurtubise*,27,CIN,NL,-0.1,12,15,12,3,1,0,0,0,0,0,0,1,6,0.083,0.267,0.083,0.35,2,0.204,10,1,0,2,0,0,0,/H79,
154,César Salazar*,29,HOU,AL,-0.1,11,16,13,0,3,0,0,0,1,0,0,2,2,0.231,0.375,0.231,0.606,75,0.291,81,3,1,1,0,0,0,/2HD1,
158,Rafael Flores,24,PIT,NL,-0.1,7,17,15,0,3,2,0,0,0,0,0,2,7,0.2,0.294,0.333,0.627,75,0.282,73,5,0,0,0,0,0,/32H,
163,Michael Siani*,25,STL,NL,-0.1,19,19,17,4,4,0,0,0,0,0,0,2,7,0.235,0.316,0.235,0.551,61,0.263,63,4,0,0,0,0,0,8/H,
165,Manuel Margot,30,DET,AL,-0.1,6,20,19,1,6,0,0,0,3,0,0,0,6,0.316,0.3,0.316,0.616,72,0.262,60,6,0,0,0,1,0,/9H,
167,Billy McKinney*,30,TEX,AL,-0.1,6,21,20,4,4,1,0,0,1,0,0,1,1,0.2,0.238,0.25,0.488,44,0.261,73,5,0,0,0,0,0,/97DH,
180,Mason McCoy,30,SDP,NL,-0.1,18,26,22,5,3,1,0,0,1,2,0,3,7,0.136,0.269,0.182,0.451,30,0.272,52,4,0,1,0,0,0,6/H4D,
182,Owen Caissie*,22,CHC,NL,-0.1,12,27,26,4,5,1,0,1,4,0,0,1,11,0.192,0.222,0.346,0.568,63,0.247,58,9,0,0,0,0,0,/9H7D,
186,José Barrero,27,STL,NL,-0.1,22,31,29,4,4,1,0,1,3,0,0,1,9,0.138,0.194,0.276,0.469,32,0.21,26,8,0,1,0,0,0,/H48695,
198,Tomás Nido,31,DET,AL,-0.1,10,37,35,4,12,0,0,0,2,0,0,0,10,0.343,0.361,0.343,0.704,98,0.314,97,12,1,1,1,0,0,2/1,
209,Luken Baker,28,STL,NL,-0.1,19,41,34,3,8,3,0,0,2,0,0,7,10,0.235,0.366,0.324,0.689,99,0.318,102,11,3,0,0,0,0,DH/3,
213,Kevin Pillar,36,TEX,AL,-0.1,20,43,43,6,9,2,0,0,1,3,0,0,8,0.209,0.209,0.256,0.465,36,0.213,26,11,0,0,0,0,0,/8H9D7,
225,George Valera*,24,CLE,AL,-0.1,16,48,41,7,9,2,0,2,5,0,0,7,13,0.22,0.333,0.415,0.748,106,0.328,108,17,1,0,0,0,0,D/9H,
250,Nick Maton*,28,CHW,AL,-0.1,25,63,54,5,9,2,0,2,4,0,1,9,19,0.167,0.286,0.315,0.601,69,0.264,69,17,0,0,0,0,0,D/H3479,
262,Anthony Seigler*,26,MIL,NL,-0.1,34,73,62,6,12,1,0,0,5,2,0,8,16,0.194,0.292,0.21,0.501,45,0.248,44,13,2,1,1,1,0,5H/123D,
270,Blake Dunn,26,CIN,NL,-0.1,30,75,60,10,9,2,0,1,7,1,1,8,25,0.15,0.32,0.233,0.553,54,0.27,60,14,1,7,0,0,0,97/8HD,
281,Bob Seymour*,26,TBR,AL,-0.1,26,83,78,9,16,1,1,1,5,1,0,4,32,0.205,0.253,0.282,0.535,50,0.25,51,22,0,1,0,0,0,3/DH,
306,Zack Gelof,25,ATH,AL,-0.1,30,101,92,12,16,3,0,2,7,1,2,7,46,0.174,0.23,0.272,0.502,38,0.24,48,25,0,0,1,1,0,4,
349,Adrian Del Castillo*,25,ARI,NL,-0.1,44,131,120,9,29,6,0,4,17,0,0,8,47,0.242,0.29,0.392,0.682,87,0.297,82,47,2,1,0,2,0,DH/2,
379,Austin Slater,32,2TM,AL,-0.1,65,160,148,22,32,6,1,5,13,1,0,11,51,0.216,0.27,0.372,0.642,78,0.289,80,55,6,0,1,0,0,79H/D813,
393,Donovan Solano,37,2TM,AL,-0.1,71,179,166,10,41,4,1,3,21,0,0,8,40,0.247,0.291,0.337,0.628,80,0.28,83,56,9,3,0,2,0,3H/45,
408,Justin Turner,40,CHC,NL,-0.1,80,191,169,14,37,7,0,3,18,2,0,17,37,0.219,0.288,0.314,0.602,76,0.282,81,53,3,1,0,4,0,3HD5,
418,Robert Hassell III*,23,WSN,NL,-0.1,70,206,197,22,44,9,0,3,18,4,0,8,62,0.223,0.257,0.315,0.572,62,0.266,64,62,4,1,0,0,0,89H/7D,
422,Paul DeJong,31,WSN,NL,-0.1,57,208,193,18,44,10,0,6,23,4,0,11,70,0.228,0.269,0.373,0.642,81,0.283,75,72,3,1,0,3,0,546/D3H,
468,Michael Massey*,27,KCR,AL,-0.1,77,277,262,20,64,9,0,3,20,2,1,9,43,0.244,0.268,0.313,0.581,63,0.255,57,82,3,1,1,4,0,47/HD,
479,Mitch Garver,34,SEA,AL,-0.1,87,290,254,29,53,5,1,9,30,3,0,30,80,0.209,0.297,0.343,0.639,83,0.286,86,87,6,3,0,3,1,2DH,
508,Dane Myers,29,MIA,NL,-0.1,106,333,307,29,72,10,0,6,31,18,5,23,77,0.235,0.291,0.326,0.617,72,0.284,69,100,12,2,0,1,0,89H7/D,
111,César Prieto*,26,STL,NL,-0.2,3,6,6,0,1,0,0,0,0,0,0,0,5,0.167,0.167,0.167,0.333,-4,0.134,-27,1,0,0,0,0,0,/4HD,
113,Tyler Callihan*,25,CIN,NL,-0.2,4,6,6,0,1,0,0,0,1,0,0,0,1,0.167,0.167,0.167,0.333,-9,0.15,-27,1,0,0,0,0,0,/74,
119,Cal Stevenson*,28,PHI,NL,-0.2,5,8,8,0,2,0,0,0,1,0,0,0,2,0.25,0.25,0.25,0.5,38,0.213,20,2,0,0,0,0,0,/8H,
131,J.D. Davis,32,LAA,AL,-0.2,5,9,9,0,1,0,0,0,0,0,0,0,3,0.111,0.111,0.111,0.222,-38,0.099,-59,1,0,0,0,0,0,/3H5,
136,Will Banfield,25,CIN,NL,-0.2,7,10,10,0,1,0,0,0,0,0,0,0,6,0.1,0.1,0.1,0.2,-45,0.09,-70,1,1,0,0,0,0,/2,
145,Will Brennan*,27,CLE,AL,-0.2,6,13,11,0,1,0,0,0,0,0,1,1,1,0.091,0.231,0.091,0.322,-5,0.131,-7,1,1,1,0,0,0,/98H,
147,Chad Stevens,26,LAA,AL,-0.2,5,14,13,1,2,0,0,0,0,0,1,0,7,0.154,0.154,0.154,0.308,-14,0.099,-41,2,0,0,1,0,0,/45,
153,Jack Winkler,26,MIA,NL,-0.2,14,16,16,2,4,2,0,0,0,1,0,0,4,0.25,0.25,0.375,0.625,71,0.284,63,6,0,0,0,0,0,/4H365,
159,CJ Alexander*,28,ATH,AL,-0.2,6,17,17,0,3,0,0,0,0,0,0,0,8,0.176,0.176,0.176,0.353,-2,0.157,-17,3,0,0,0,0,0,/35H79,
161,Blake Sabol*,27,BOS,AL,-0.2,8,18,16,2,2,1,0,0,1,0,0,1,7,0.125,0.167,0.188,0.354,-1,0.156,-17,3,1,0,0,1,0,/2DH,
169,Luis Guillorme*,30,HOU,AL,-0.2,12,21,20,2,3,0,0,0,0,0,0,1,8,0.15,0.19,0.15,0.34,-3,0.16,-15,3,2,0,0,0,0,/45H,
172,Ali Sánchez,28,2TM,AL,-0.2,12,23,23,2,5,2,0,0,0,0,0,0,6,0.217,0.217,0.304,0.522,42,0.219,27,7,1,0,0,0,0,2/H13,
173,Esteury Ruiz,26,LAD,NL,-0.2,19,23,21,2,4,0,0,1,2,4,0,2,8,0.19,0.261,0.333,0.594,67,0.304,61,7,0,0,0,0,0,7/H9,
175,Tristin English,28,ARI,NL,-0.2,7,23,22,0,2,1,0,0,1,0,0,1,8,0.091,0.13,0.136,0.267,-26,0.124,-40,3,0,0,0,0,0,/3,
199,Bryce Eldridge*,20,SFG,NL,-0.2,10,37,28,1,3,2,0,0,4,0,0,7,13,0.107,0.297,0.179,0.476,41,0.243,53,5,0,1,0,1,0,/D3,
202,Ryan Bliss,25,SEA,AL,-0.2,11,39,35,1,7,1,0,1,3,2,2,4,11,0.2,0.282,0.314,0.596,71,0.253,73,11,2,0,0,0,0,4,
206,Austin Nola,35,COL,NL,-0.2,14,41,38,2,7,1,0,0,1,0,0,2,5,0.184,0.225,0.211,0.436,18,0.199,2,8,2,0,1,0,0,2/13DH,
207,Oliver Dunn*,27,MIL,NL,-0.2,14,41,36,4,6,2,0,0,6,1,0,2,11,0.167,0.205,0.222,0.427,20,0.196,4,8,0,0,2,1,0,5/3H,
217,Ryan Kreidler,27,DET,AL,-0.2,17,44,38,5,4,0,0,0,0,2,0,4,19,0.105,0.19,0.105,0.296,-14,0.162,-27,4,0,0,2,0,0,8,
228,Bryan De La Cruz,28,ATL,NL,-0.2,16,50,47,1,9,1,0,0,0,1,0,3,18,0.191,0.24,0.213,0.453,30,0.232,37,10,1,0,0,0,0,7/H9D,
242,Sam Huff,27,SFG,NL,-0.2,20,58,53,5,11,1,0,2,4,0,0,4,25,0.208,0.259,0.34,0.598,70,0.264,67,18,2,0,0,1,0,2,
243,Ryan Noda*,29,2TM,AL,-0.2,23,59,47,3,5,0,0,1,2,1,0,11,25,0.106,0.276,0.17,0.446,30,0.214,20,8,0,0,1,0,2,3/9DH,
246,Sam Hilliard*,31,COL,NL,-0.2,20,61,51,8,10,3,1,2,3,2,1,10,23,0.196,0.328,0.412,0.74,96,0.325,94,21,1,0,0,0,0,/7H89D,
276,Hayden Senger,28,NYM,NL,-0.2,33,78,72,8,13,1,0,0,4,0,0,3,22,0.181,0.221,0.194,0.415,20,0.19,11,14,3,1,1,1,0,2/H,
283,Cavan Biggio*,30,KCR,AL,-0.2,37,83,69,9,12,2,0,1,4,1,0,11,21,0.174,0.296,0.246,0.543,56,0.259,56,17,0,1,2,0,0,HD/93745,
314,Carson Williams,22,TBR,AL,-0.2,32,106,99,11,17,3,0,5,12,2,1,6,44,0.172,0.219,0.354,0.573,56,0.252,54,35,3,0,1,0,0,6/H,
323,Nick Martini*,35,COL,NL,-0.2,43,111,102,9,23,4,0,1,4,0,0,9,18,0.225,0.288,0.294,0.582,56,0.267,52,30,1,0,0,0,1,D9H/7,
324,Willie MacIver,28,ATH,AL,-0.2,32,111,102,7,19,5,0,3,9,3,0,7,27,0.186,0.252,0.324,0.576,58,0.259,53,33,1,2,0,0,0,2/1,
325,Jonatan Clase#,23,TOR,AL,-0.2,34,112,100,10,21,3,0,2,9,3,1,10,28,0.21,0.288,0.3,0.588,63,0.264,57,30,1,1,1,0,0,7/8H9D,
327,Víctor Robles,28,SEA,AL,-0.2,32,114,106,12,26,4,1,1,9,6,2,3,26,0.245,0.281,0.33,0.611,75,0.282,82,35,3,3,0,2,0,9/H8,
332,Samuel Basallo*,20,BAL,AL,-0.2,31,118,109,10,18,6,0,4,15,0,0,6,30,0.165,0.229,0.33,0.559,57,0.245,51,36,4,3,0,0,0,2/D3H,
333,Braxton Fulford,26,COL,NL,-0.2,38,120,108,11,23,5,2,1,16,1,0,7,36,0.213,0.267,0.324,0.591,57,0.262,47,35,1,2,0,3,0,2/DH,
344,Justyn-Henry Malloy,25,DET,AL,-0.2,52,127,104,15,23,6,0,1,17,0,0,20,32,0.221,0.346,0.308,0.654,85,0.303,90,32,1,1,0,2,0,DH9/73,
352,Taylor Trammell*,27,HOU,AL,-0.2,52,135,117,15,23,7,0,3,12,3,2,17,41,0.197,0.296,0.333,0.63,75,0.278,73,39,0,0,0,1,0,87H/9D,
380,Martín Maldonado,38,SDP,NL,-0.2,64,161,147,11,30,6,0,4,12,0,0,8,57,0.204,0.245,0.327,0.572,58,0.258,53,48,3,0,6,0,0,2,
402,Luis Matos,23,SFG,NL,-0.2,57,184,172,26,38,9,1,8,22,4,0,11,27,0.221,0.266,0.424,0.691,94,0.306,93,73,5,0,0,1,0,97/8HD,
414,Darell Hernaiz,23,ATH,AL,-0.2,51,197,173,17,40,5,1,2,16,3,4,17,24,0.231,0.292,0.306,0.599,66,0.273,72,53,2,0,2,5,0,654,
434,Otto Kemp,25,PHI,NL,-0.2,62,218,197,26,46,11,0,8,28,2,2,12,67,0.234,0.298,0.411,0.709,92,0.314,93,81,4,7,0,2,0,537/H4,
460,Curtis Mead,24,2TM,AL,-0.2,90,264,240,26,56,10,1,3,19,5,1,15,63,0.233,0.299,0.321,0.62,74,0.282,74,77,9,8,0,1,0,35H4/D,
472,Elias Díaz,34,SDP,NL,-0.2,106,283,255,34,52,7,0,9,29,0,0,21,74,0.204,0.27,0.337,0.607,68,0.271,63,86,11,2,5,0,0,2H,
474,Abraham Toro#,28,BOS,AL,-0.2,77,284,259,33,62,13,0,7,27,2,1,14,42,0.239,0.289,0.371,0.659,83,0.299,88,96,1,6,0,5,1,35/H1,
488,Jose Trevino,32,CIN,NL,-0.2,93,302,282,30,67,20,0,4,22,0,0,15,39,0.238,0.272,0.351,0.623,68,0.278,63,99,9,0,1,4,0,2/D1H,
587,Logan O'Hoppe,25,LAA,AL,-0.2,119,451,423,35,90,8,1,19,43,2,1,24,139,0.213,0.258,0.371,0.629,72,0.275,69,157,12,2,1,1,0,2H/D,
590,Willi Castro#,28,2TM,2LG,-0.2,120,454,402,58,91,17,3,11,33,10,4,40,111,0.226,0.313,0.366,0.679,90,0.303,89,147,12,11,1,0,1,4975/86H1,
596,Mark Vientos,25,NYM,NL,-0.2,121,463,424,44,99,21,2,17,61,1,0,30,115,0.233,0.289,0.413,0.702,97,0.31,98,175,11,5,0,4,0,5D/H3,
620,Gavin Lux*,27,CIN,NL,-0.2,140,503,446,49,120,28,2,5,53,1,0,56,114,0.269,0.35,0.374,0.724,98,0.326,97,167,3,0,0,1,0,D74H/5,
120,Carter Kieboom,27,LAA,AL,-0.3,3,8,8,0,2,0,0,0,1,0,0,0,1,0.25,0.25,0.25,0.5,40,0.222,30,2,0,0,0,0,0,/3H,
155,Tirso Ornelas*,25,SDP,NL,-0.3,7,16,14,0,1,0,0,0,1,0,0,2,2,0.071,0.188,0.071,0.259,-23,0.143,-26,1,1,0,0,0,0,/7H8D,
156,Gage Workman*,25,2TM,2LG,-0.3,12,17,16,0,3,1,0,0,2,1,0,1,7,0.188,0.235,0.25,0.485,41,0.229,35,4,0,0,0,0,0,/56HD,
164,Connor Kaiser,28,ARI,NL,-0.3,11,19,18,1,2,1,0,0,2,0,0,1,5,0.111,0.158,0.167,0.325,-10,0.15,-22,3,1,0,0,0,0,/4H,
188,Shay Whitcomb,26,HOU,AL,-0.3,20,32,32,4,4,0,0,1,1,0,0,0,10,0.125,0.125,0.219,0.344,-7,0.171,-6,7,0,0,0,0,0,/45HD7,
189,Leo Jiménez,24,TOR,AL,-0.3,18,32,29,2,2,0,0,1,1,0,0,2,8,0.069,0.129,0.172,0.301,-18,0.167,-15,5,1,0,1,0,0,4/H6D,
190,Aaron Schunk,27,COL,NL,-0.3,16,33,32,1,6,1,0,0,0,0,0,0,10,0.188,0.188,0.219,0.406,8,0.18,-13,7,1,0,1,0,0,/64H5D,
196,José Miranda,27,MIN,AL,-0.3,12,36,36,2,6,0,0,1,5,0,0,0,13,0.167,0.167,0.25,0.417,13,0.177,-4,9,0,0,0,0,0,5/H,
197,Zac Veen*,23,COL,NL,-0.3,12,37,34,1,4,1,0,1,2,1,1,2,14,0.118,0.189,0.235,0.424,13,0.182,-2,8,0,1,0,0,0,/79H,
203,Jorge Alfaro,32,WSN,NL,-0.3,14,39,39,3,10,2,0,0,3,1,0,0,14,0.256,0.256,0.308,0.564,60,0.271,66,12,0,0,0,0,0,2,
210,Matt Gorski,27,PIT,NL,-0.3,15,42,41,2,8,0,1,2,4,0,1,1,16,0.195,0.214,0.39,0.605,64,0.241,52,16,1,0,0,0,0,3/H87,
219,Austin Barnes,35,LAD,NL,-0.3,13,44,42,4,9,3,0,0,2,0,0,1,14,0.214,0.233,0.286,0.518,46,0.227,34,12,1,0,1,0,0,2/3DH,
220,Jimmy Crooks*,23,STL,NL,-0.3,15,46,45,3,6,0,1,1,1,0,0,0,17,0.133,0.152,0.244,0.397,11,0.19,12,11,1,1,0,0,0,2/DH,
227,Travis Jankowski*,34,3TM,2LG,-0.3,25,50,45,8,11,2,0,0,2,2,0,3,12,0.244,0.286,0.289,0.575,62,0.26,53,13,0,0,1,1,0,9H/781D,
235,Stuart Fairchild,29,ATL,NL,-0.3,28,55,51,7,11,4,1,0,2,2,1,4,15,0.216,0.273,0.333,0.606,71,0.281,76,17,2,0,0,0,0,9H/D78,
254,Jorbit Vivas*,24,NYY,AL,-0.3,29,66,56,6,9,2,0,1,5,0,0,5,13,0.161,0.266,0.25,0.516,46,0.241,44,14,0,3,0,0,0,45/H,
255,Gustavo Campero#,27,LAA,AL,-0.3,28,66,58,9,10,1,0,3,8,4,1,5,14,0.172,0.273,0.345,0.618,71,0.282,69,20,2,3,0,0,0,9/H78D,
263,Everson Pereira,24,TBR,AL,-0.3,23,73,65,7,9,1,0,2,8,2,0,7,28,0.138,0.219,0.246,0.465,30,0.227,32,16,2,0,0,1,0,8/H9,
278,Jacob Melton*,24,HOU,AL,-0.3,32,78,70,7,11,0,1,0,7,7,2,6,29,0.157,0.234,0.186,0.419,19,0.205,11,13,2,1,0,0,0,8/7H9,
303,Matt Vierling,28,DET,AL,-0.3,31,100,88,6,21,3,0,1,11,2,0,7,24,0.239,0.31,0.307,0.617,73,0.281,70,27,1,3,0,2,0,8/7H59D,
317,Drew Gilbert*,24,SFG,NL,-0.3,39,109,100,12,19,5,1,3,13,1,1,7,20,0.19,0.248,0.35,0.598,69,0.267,71,35,2,1,0,1,0,9/8H7,
321,Mickey Gasper#,29,MIN,AL,-0.3,45,110,95,15,15,1,0,2,11,2,0,10,20,0.158,0.257,0.232,0.488,37,0.248,44,22,1,3,1,1,0,2HD/347,
336,Cody Freeman,24,TEX,AL,-0.3,36,121,114,13,26,4,0,3,15,1,1,5,19,0.228,0.258,0.342,0.6,75,0.264,77,39,3,0,1,1,0,4/59HD7,
392,Jack Suwinski*,26,PIT,NL,-0.3,59,178,150,15,22,7,0,3,10,7,1,24,57,0.147,0.281,0.253,0.534,51,0.258,51,38,1,4,0,0,1,879/HD,
427,Alex Verdugo*,29,ATL,NL,-0.3,56,213,197,21,47,10,0,0,12,1,0,14,31,0.239,0.296,0.289,0.585,67,0.269,66,57,1,2,0,0,0,7/H,
437,Luke Raley*,30,SEA,AL,-0.3,73,219,183,23,37,8,0,4,19,2,1,19,64,0.202,0.319,0.311,0.631,83,0.294,94,57,2,13,3,1,0,93H/8D7,
446,Travis d'Arnaud,36,LAA,AL,-0.3,69,231,213,16,42,13,0,6,21,0,0,13,74,0.197,0.255,0.343,0.598,65,0.26,58,73,5,4,0,1,0,2/HD,
490,Christopher Morel,26,TBR,AL,-0.3,105,305,278,37,61,16,0,11,33,7,2,25,109,0.219,0.289,0.396,0.684,89,0.306,92,110,8,2,0,0,0,7HD/94,
491,Joc Pederson*,33,TEX,AL,-0.3,96,306,265,28,48,10,1,9,26,2,0,34,65,0.181,0.285,0.328,0.614,80,0.278,84,87,5,5,0,1,0,DH/39,
493,Rowdy Tellez*,30,2TM,AL,-0.3,112,312,289,34,66,11,0,17,49,1,0,17,83,0.228,0.276,0.443,0.719,104,0.308,105,128,9,3,0,3,0,3H/D1,
519,JJ Bleday*,27,ATH,AL,-0.3,98,344,307,48,65,17,0,14,39,1,2,36,91,0.212,0.294,0.404,0.698,90,0.3,89,124,6,0,0,1,2,89H7/D,
536,Brayan Rocchio#,24,CLE,AL,-0.3,115,383,344,34,80,18,2,5,44,8,4,22,77,0.233,0.29,0.34,0.63,74,0.278,71,117,4,8,4,5,0,64/H,
140,Tristan Peters*,25,TBR,AL,-0.4,4,12,12,0,0,0,0,0,0,0,0,0,7,0,0,0,0,-100,0,-129,0,0,0,0,0,0,/8,
148,Greg Allen#,32,BAL,AL,-0.4,7,14,14,1,0,0,0,0,0,0,1,0,5,0,0,0,0,-100,-0.035,-127,0,2,0,0,0,0,/87H,
160,Drew Avans*,29,2TM,2LG,-0.4,8,18,17,1,2,0,0,0,1,1,0,0,6,0.118,0.111,0.118,0.229,-36,0.112,-58,2,0,0,0,1,0,/789H,
174,Niko Kavadas*,26,LAA,AL,-0.4,10,23,20,0,2,0,0,0,0,0,0,3,10,0.1,0.217,0.1,0.317,-7,0.167,-10,2,0,0,0,0,0,3/1H,
178,Jihwan Bae*,25,PIT,NL,-0.4,13,25,20,4,1,0,0,0,0,4,1,5,9,0.05,0.24,0.05,0.29,-12,0.19,-4,1,0,0,0,0,0,/H78D9,
179,Grant McCray*,24,SFG,NL,-0.4,22,26,22,3,2,0,1,0,2,0,0,2,11,0.091,0.16,0.182,0.342,-2,0.155,-14,4,1,0,1,1,0,97/H8,
181,Luis Campusano,26,SDP,NL,-0.4,10,27,21,0,0,0,0,0,0,0,0,6,11,0,0.222,0,0.222,-30,0.155,-18,0,2,0,0,0,0,/DH,
183,Nicky Lopez*,30,2TM,2LG,-0.4,18,28,24,2,1,0,0,0,1,0,0,4,4,0.042,0.179,0.042,0.22,-31,0.128,-29,1,1,0,0,0,0,5/6H147D,
191,Luke Williams,28,ATL,NL,-0.4,39,34,31,5,4,2,0,0,5,5,0,1,9,0.129,0.176,0.194,0.37,5,0.204,-4,6,2,1,0,1,0,6H/15D,
212,Alan Trejo,29,COL,NL,-0.4,13,43,40,3,7,2,0,0,1,0,0,1,7,0.175,0.19,0.225,0.415,11,0.183,-9,9,3,0,1,1,0,6/1,
215,Denzer Guzmán,21,LAA,AL,-0.4,13,43,42,4,8,1,0,2,3,0,0,1,22,0.19,0.209,0.357,0.566,54,0.24,43,15,0,0,0,0,0,6,
218,Rece Hinds,24,CIN,NL,-0.4,15,44,43,6,5,1,0,2,3,0,0,1,21,0.116,0.136,0.279,0.415,9,0.175,-9,12,1,0,0,0,0,9/H,
264,Andrés Chaparro,26,WSN,NL,-0.4,34,73,66,4,12,2,0,1,5,0,0,5,22,0.182,0.247,0.258,0.504,44,0.231,42,17,0,1,0,1,0,3/HD,
268,Jordan Lawlar,22,ARI,NL,-0.4,28,74,66,9,12,7,0,0,5,2,0,6,26,0.182,0.257,0.288,0.545,51,0.251,45,19,0,1,0,1,0,5H/D46,
294,Garrett Hampson,30,3TM,NL,-0.4,62,91,77,19,11,2,0,0,1,3,1,11,29,0.143,0.25,0.169,0.419,20,0.205,14,13,2,0,3,0,0,7H48/695D1,
305,Gary Sánchez,32,BAL,AL,-0.4,29,101,91,13,21,2,0,5,24,0,0,4,27,0.231,0.297,0.418,0.715,100,0.308,97,38,2,5,0,1,0,2/D1H,
381,Thairo Estrada,29,COL,NL,-0.4,39,165,154,14,39,9,0,3,21,1,3,6,26,0.253,0.285,0.37,0.655,73,0.286,72,57,6,2,0,3,0,4,
395,Austin Hedges,32,CLE,AL,-0.4,68,180,155,13,25,3,0,5,10,1,2,18,43,0.161,0.25,0.277,0.527,46,0.233,40,43,2,1,4,2,0,2/1,
404,Nick Loftin,26,KCR,AL,-0.4,67,188,168,17,35,9,2,4,20,1,1,14,27,0.208,0.278,0.357,0.635,78,0.273,70,60,7,3,1,2,0,7H45/3D,
436,Drew Waters#,26,KCR,AL,-0.4,71,219,206,21,50,6,3,1,14,5,3,11,60,0.243,0.288,0.316,0.603,70,0.281,76,65,2,2,0,0,0,789/HD,
583,Andrew Vaughn,27,2TM,2LG,-0.4,112,447,406,35,103,22,0,14,65,0,0,31,80,0.254,0.307,0.411,0.719,100,0.311,96,167,12,3,1,6,0,3D/H,
628,Eric Wagaman,27,MIA,NL,-0.4,140,514,476,56,119,28,3,9,53,4,1,32,100,0.25,0.296,0.378,0.674,86,0.303,86,180,11,1,0,5,0,*37HD/59,
682,Agustín Ramírez,23,MIA,NL,-0.4,136,585,537,72,124,33,1,21,67,16,3,36,113,0.231,0.287,0.413,0.701,93,0.31,89,222,13,8,0,4,2,2D/H,ROY-6
138,Nick Solak,30,PIT,NL,-0.5,4,11,11,0,1,0,0,0,0,0,0,0,2,0.091,0.091,0.091,0.182,-49,0.073,-75,1,0,0,0,0,0,/347H,
184,Scott Kingery,31,LAA,AL,-0.5,19,29,27,3,4,1,0,0,0,1,1,2,11,0.148,0.207,0.185,0.392,11,0.167,-3,5,1,0,0,0,0,/4H8619,
187,Buddy Kennedy,26,3TM,2LG,-0.5,13,32,29,2,2,1,0,0,1,0,0,2,8,0.069,0.156,0.103,0.26,-25,0.158,-15,3,0,1,0,0,0,/53H4D,
193,Pablo Reyes,31,NYY,AL,-0.5,24,34,31,4,6,1,0,0,2,1,0,2,10,0.194,0.242,0.226,0.468,33,0.221,24,7,0,0,1,0,0,H/94517D,
195,Jose Siri,29,NYM,NL,-0.5,16,36,32,7,2,2,0,0,1,2,0,4,17,0.063,0.167,0.125,0.292,-15,0.16,-17,4,0,0,0,0,0,8/H,
201,Cam Devanney,28,PIT,NL,-0.5,14,38,36,1,5,1,0,0,1,0,1,2,21,0.139,0.184,0.167,0.351,-1,0.151,-10,6,1,0,0,0,0,5/H,
205,Yuli Gurriel,41,SDP,NL,-0.5,16,40,36,2,4,1,0,0,3,0,0,4,8,0.111,0.2,0.139,0.339,-3,0.169,-9,5,0,0,0,0,0,D/H3,
208,Kris Bryant,33,COL,NL,-0.5,11,41,39,2,6,2,0,0,1,0,0,2,13,0.154,0.195,0.205,0.4,7,0.183,-7,8,1,0,0,0,0,D/H,
211,Daz Cameron,28,MIL,NL,-0.5,21,42,41,7,8,1,0,1,3,1,0,1,13,0.195,0.214,0.293,0.507,41,0.229,32,12,1,0,0,0,0,9H/7,
216,Trenton Brooks*,29,SDP,NL,-0.5,25,43,41,5,6,2,0,1,2,0,0,2,13,0.146,0.186,0.268,0.454,25,0.198,13,11,2,0,0,0,0,HD/7,
230,Luis Vázquez,25,BAL,AL,-0.5,32,53,50,6,8,1,0,1,3,2,0,3,14,0.16,0.208,0.24,0.448,27,0.206,17,12,0,0,0,0,0,56/H143D,
234,Jace Jung*,24,DET,AL,-0.5,21,55,47,8,5,0,0,0,3,0,0,7,16,0.106,0.236,0.106,0.343,1,0.181,1,5,2,1,0,0,0,5/H,
240,Endy Rodríguez#,25,PIT,NL,-0.5,18,57,52,5,9,4,0,0,2,0,1,5,14,0.173,0.246,0.25,0.496,39,0.219,35,13,0,0,0,0,0,3/2H,
247,Oscar González,27,SDP,NL,-0.5,21,61,59,2,13,1,0,0,4,0,1,2,13,0.22,0.246,0.237,0.483,36,0.209,26,14,1,0,0,0,0,7/9HD,
252,Jarred Kelenic*,25,ATL,NL,-0.5,24,65,60,7,10,2,0,2,2,0,1,5,23,0.167,0.231,0.3,0.531,49,0.23,44,18,1,0,0,0,0,9/H7D,
258,Matthew Lugo,24,LAA,AL,-0.5,31,70,69,9,16,2,1,4,9,0,0,0,24,0.232,0.243,0.464,0.707,90,0.295,83,32,3,1,0,0,0,8H/97,
261,Tim Elko,26,CHW,AL,-0.5,23,72,67,6,9,1,0,4,8,1,0,5,30,0.134,0.194,0.328,0.523,43,0.241,44,22,1,0,0,0,0,3/DH,
295,Will Wilson,26,CLE,AL,-0.5,34,91,78,7,15,4,0,0,2,2,0,7,34,0.192,0.267,0.244,0.511,44,0.238,34,19,1,1,5,0,0,45/H1D,
311,Vinny Capra,28,2TM,2LG,-0.5,47,105,96,10,12,2,0,1,6,2,0,3,25,0.125,0.157,0.177,0.334,-6,0.173,-10,17,5,1,3,2,0,56H/41D,
312,Hunter Feduccia*,28,2TM,2LG,-0.5,38,105,88,5,13,5,0,0,8,1,0,15,29,0.148,0.267,0.205,0.471,35,0.227,35,18,0,0,0,2,0,2/H3D,
340,Weston Wilson,30,PHI,NL,-0.5,52,125,111,15,22,4,0,5,17,2,3,12,34,0.198,0.282,0.369,0.652,77,0.289,80,41,1,1,1,0,0,74/3H1D5,
345,Ben Rortvedt*,27,2TM,2LG,-0.5,44,128,112,9,17,3,0,1,10,0,0,11,23,0.152,0.24,0.205,0.445,27,0.218,29,23,1,2,3,0,0,2,
394,Leody Taveras#,26,2TM,AL,-0.5,58,180,171,13,35,6,1,3,17,9,3,5,50,0.205,0.226,0.304,0.53,52,0.236,50,52,0,0,3,1,0,89/H,
494,Jorge Soler,33,LAA,AL,-0.5,82,315,279,31,60,12,0,12,34,0,0,28,94,0.215,0.293,0.387,0.68,87,0.303,89,108,5,4,0,3,0,9D/H,
504,Brooks Baldwin#,24,CHW,AL,-0.5,103,328,300,32,72,15,1,11,38,5,0,21,86,0.24,0.29,0.407,0.697,93,0.307,92,122,9,1,4,2,0,7895H46,
185,Carson McCusker,27,MIN,AL,-0.6,16,30,29,0,5,0,0,0,1,0,1,1,16,0.172,0.2,0.172,0.372,5,0.151,-11,5,0,0,0,0,0,9/HD,
221,Logan Davidson#,27,2TM,AL,-0.6,19,47,42,3,7,2,0,1,4,0,0,3,22,0.167,0.222,0.286,0.508,40,0.218,24,12,1,0,2,0,0,3/H514,
251,MJ Melendez*,26,KCR,AL,-0.6,23,65,60,5,5,2,0,1,1,0,0,3,23,0.083,0.154,0.167,0.321,-9,0.15,-20,10,0,2,0,0,0,7/9HD,
272,Johnathan Rodríguez,25,CLE,AL,-0.6,31,77,71,6,14,4,1,2,10,1,0,6,22,0.197,0.26,0.366,0.626,71,0.286,75,26,2,0,0,0,0,9/H7D,
282,Jorge Mateo,30,BAL,AL,-0.6,42,83,79,9,14,4,0,1,3,15,2,4,30,0.177,0.217,0.266,0.483,37,0.243,28,21,1,0,0,0,0,H68/4D517,
299,Jason Heyward*,35,SDP,NL,-0.6,34,95,85,9,15,2,0,2,12,0,1,6,20,0.176,0.223,0.271,0.494,37,0.22,31,23,1,0,0,3,0,7/H98,
339,Chris Taylor,34,2TM,2LG,-0.6,58,125,113,15,21,7,0,2,12,2,2,5,42,0.186,0.256,0.301,0.557,55,0.243,49,34,1,6,0,1,0,78H49/5,
342,Tyler Wade*,30,SDP,NL,-0.6,59,127,107,13,22,1,2,0,9,1,2,15,31,0.206,0.309,0.252,0.561,59,0.262,61,27,0,1,4,0,0,8H7/459D61,
356,Christian Encarnacion-Strand,25,CIN,NL,-0.6,36,137,130,13,27,4,0,6,19,0,2,3,32,0.208,0.234,0.377,0.61,63,0.254,52,49,1,2,0,2,0,3/5,
361,Lane Thomas,29,CLE,AL,-0.6,39,142,125,10,20,2,0,4,11,4,1,14,44,0.16,0.246,0.272,0.518,44,0.242,43,34,4,1,0,2,0,8/H9D,
369,Will Wagner*,26,2TM,2LG,-0.6,55,149,129,15,29,7,0,0,7,1,0,17,28,0.225,0.324,0.279,0.603,70,0.297,82,36,3,2,1,0,0,5H3/D4,
373,Alan Roden*,25,2TM,AL,-0.6,55,153,136,17,26,6,1,2,9,1,1,8,37,0.191,0.261,0.294,0.556,53,0.244,46,40,0,6,0,3,0,79/H8,
403,Connor Wong,29,BOS,AL,-0.6,63,188,168,16,32,8,0,0,7,2,1,16,42,0.19,0.262,0.238,0.5,42,0.242,46,40,7,1,1,2,0,2/H3D,
425,Tyler O'Neill,30,BAL,AL,-0.6,54,209,181,22,36,6,1,9,26,4,0,22,51,0.199,0.292,0.392,0.684,92,0.302,90,71,2,3,0,3,1,9D/7H,
461,Oswald Peraza,25,2TM,AL,-0.6,106,265,244,24,40,6,0,5,20,9,0,17,80,0.164,0.223,0.25,0.473,32,0.225,28,61,6,2,0,1,0,5H346/1D,
467,Brady House,22,WSN,NL,-0.6,73,274,261,26,61,11,0,4,29,5,3,8,78,0.234,0.252,0.322,0.574,62,0.252,58,84,11,0,0,5,0,5/H,
553,Nick Gonzales,26,PIT,NL,-0.6,96,408,381,39,99,18,3,5,30,0,2,21,73,0.26,0.299,0.362,0.661,84,0.293,82,138,12,2,0,4,0,46,
594,Mickey Moniak*,27,COL,NL,-0.6,135,461,434,62,117,20,8,24,68,9,3,22,110,0.27,0.306,0.518,0.824,115,0.349,110,225,4,2,0,3,1,*98H7D,
271,Seth Brown*,32,ATH,AL,-0.7,38,76,65,6,12,2,0,1,3,1,0,9,23,0.185,0.303,0.262,0.564,59,0.265,60,17,2,2,0,0,0,H7/89D,
274,Jorge Barrosa#,24,ARI,NL,-0.7,33,77,71,8,10,3,0,1,7,0,0,2,22,0.141,0.169,0.225,0.394,8,0.17,-7,16,1,1,0,3,0,87/H9D,
279,Connor Joe,32,2TM,NL,-0.7,42,80,70,2,13,4,0,0,4,2,2,7,20,0.186,0.263,0.243,0.505,40,0.226,32,17,2,1,0,2,0,9H7/3D8,
338,Jonah Bride,29,2TM,2LG,-0.7,45,125,112,7,19,2,0,0,5,0,0,11,39,0.17,0.248,0.188,0.436,24,0.223,29,21,1,1,0,1,1,5H/3D14,
351,Matt Mervis*,27,MIA,NL,-0.7,42,134,120,15,21,4,0,7,14,0,0,11,50,0.175,0.254,0.383,0.637,75,0.288,76,46,1,2,0,1,1,3D/H,
442,Jake McCarthy*,27,ARI,NL,-0.7,67,222,206,18,42,7,5,4,20,6,0,10,40,0.204,0.247,0.345,0.591,62,0.271,59,71,2,2,3,1,0,789/HD,
450,Dylan Carlson#,26,BAL,AL,-0.7,83,241,217,17,44,9,1,6,20,3,3,21,54,0.203,0.278,0.336,0.614,74,0.274,75,73,3,2,0,1,0,798H,
518,Jose Iglesias,35,SDP,NL,-0.7,112,343,306,29,70,11,0,3,36,5,1,24,56,0.229,0.298,0.294,0.592,66,0.288,74,90,7,7,4,2,0,465HD/7,
609,Angel Martínez#,23,CLE,AL,-0.7,139,484,446,56,100,23,2,11,45,8,2,23,110,0.224,0.269,0.359,0.628,72,0.275,68,160,8,6,5,4,0,*84H/97,
610,Michael Conforto*,32,LAD,NL,-0.7,138,486,418,54,83,20,0,12,36,1,0,56,121,0.199,0.305,0.333,0.637,80,0.289,79,139,12,9,0,3,0,*7H,
313,Cooper Hummel#,30,2TM,AL,-0.8,37,105,88,10,15,0,0,3,7,1,0,14,31,0.17,0.298,0.273,0.571,61,0.269,63,24,1,2,1,0,0,7H/D19,
366,Yanquiel Fernández*,22,COL,NL,-0.8,52,147,138,13,31,5,0,4,11,0,0,8,44,0.225,0.265,0.348,0.613,62,0.269,54,48,4,0,0,1,0,D9/H7,
377,David Fry,29,CLE,AL,-0.8,66,157,146,16,25,4,0,8,23,1,0,9,58,0.171,0.229,0.363,0.592,61,0.256,54,53,3,2,0,0,0,DH,
421,Edouard Julien*,26,MIN,AL,-0.8,64,208,182,13,40,10,0,3,12,0,3,22,61,0.22,0.309,0.324,0.633,76,0.274,72,59,3,2,1,1,0,34D/H6,
480,Randal Grichuk,33,2TM,2LG,-0.8,113,293,272,35,62,18,1,9,27,0,1,17,61,0.228,0.273,0.401,0.674,85,0.293,82,109,6,1,0,3,1,HD97/8,
487,Kyle Farmer,34,COL,NL,-0.8,97,300,277,24,63,14,0,8,31,0,1,17,66,0.227,0.28,0.365,0.645,71,0.288,68,101,9,4,0,2,0,4D3H65/1,
500,Trey Sweeney*,25,DET,AL,-0.8,118,326,296,36,58,6,2,6,32,3,1,26,92,0.196,0.258,0.291,0.548,53,0.248,49,86,2,0,0,4,0,*6H,
635,Brooks Lee#,24,MIN,AL,-0.8,139,527,487,50,115,15,1,16,64,3,1,31,92,0.236,0.285,0.37,0.654,79,0.289,77,180,11,4,0,5,0,654H/D,
689,Nick Castellanos,33,PHI,NL,-0.8,147,589,547,72,137,27,2,17,72,4,0,32,133,0.25,0.294,0.4,0.694,88,0.309,87,219,13,4,0,6,0,*9/DH,
224,Maverick Handley,27,BAL,AL,-0.9,16,47,41,2,3,0,0,0,3,0,0,2,18,0.073,0.133,0.073,0.207,-39,0.103,-59,3,0,1,2,1,0,2/H,
265,Sean Bouchard,29,COL,NL,-0.9,32,73,66,7,11,0,1,1,7,1,1,7,27,0.167,0.247,0.242,0.489,32,0.235,32,16,2,0,0,0,0,9H/D73,
296,Jeimer Candelario#,31,CIN,NL,-0.9,22,91,80,3,9,2,0,2,10,0,1,9,29,0.113,0.198,0.213,0.41,12,0.185,2,17,1,0,0,2,0,5/3D,
326,Triston Casas*,25,BOS,AL,-0.9,29,112,99,5,18,3,0,3,11,0,0,11,27,0.182,0.277,0.303,0.58,62,0.263,61,30,3,2,0,0,2,3/H,
328,Kevin Newman,31,LAA,AL,-0.9,56,116,114,13,23,2,0,2,11,1,0,1,23,0.202,0.209,0.272,0.481,33,0.233,37,31,5,0,1,0,0,56/4H13,
266,Jacob Amaya,26,CHW,AL,-1,36,73,66,7,7,1,0,0,8,2,0,3,16,0.106,0.139,0.121,0.26,-26,0.125,-45,8,1,0,1,3,0,6/H14,
329,Chas McCormick,30,HOU,AL,-1,64,116,100,13,21,5,0,1,5,2,3,9,31,0.21,0.279,0.29,0.569,59,0.243,50,29,1,1,5,1,0,879H/D1,
341,Mark Canha,36,KCR,AL,-1,46,125,113,9,24,3,0,1,6,0,1,7,24,0.212,0.272,0.265,0.537,53,0.237,46,30,1,3,0,2,0,7H9/D3,
367,James Outman*,28,2TM,2LG,-1,59,148,134,19,18,5,1,6,11,1,0,12,63,0.134,0.216,0.321,0.537,47,0.249,48,43,0,2,0,0,0,897/HD,
413,Gio Urshela,33,ATH,AL,-1,59,197,181,10,43,14,1,0,20,0,1,13,40,0.238,0.287,0.326,0.613,69,0.271,68,59,6,0,2,1,0,5/3DH,
441,Anthony Santander#,30,TOR,AL,-1,54,221,194,16,34,5,0,6,18,0,0,25,61,0.175,0.271,0.294,0.565,57,0.253,51,57,6,1,0,1,1,D9/7H3,
459,Kristian Campbell,23,BOS,AL,-1,67,263,229,24,51,10,0,6,21,2,1,29,72,0.223,0.319,0.345,0.664,86,0.299,88,79,1,4,0,1,0,4/8H7D,
269,Will Robertson*,27,2TM,AL,-1.1,27,75,70,2,9,1,0,0,9,0,0,2,27,0.129,0.173,0.143,0.316,-10,0.149,-22,10,1,2,0,1,0,7/9H8D,
330,Tyler Locklear,24,ARI,NL,-1.1,31,116,103,11,18,0,0,3,6,3,1,10,43,0.175,0.267,0.262,0.529,48,0.248,47,27,3,3,0,0,0,3/H,
552,Nolan Jones*,27,CLE,AL,-1.1,136,403,355,34,75,14,2,5,34,8,3,39,113,0.211,0.296,0.304,0.6,67,0.272,66,108,6,5,1,3,1,*98H7/D,
288,Ronny Simón#,25,2TM,NL,-1.2,27,88,77,10,18,3,0,0,7,1,0,8,15,0.234,0.299,0.273,0.572,61,0.271,62,21,1,0,1,2,0,/47D9H6,
291,DaShawn Keirsey Jr.*,28,MIN,AL,-1.2,74,88,84,11,9,0,0,2,6,10,3,2,33,0.107,0.138,0.179,0.317,-13,0.162,-24,15,1,1,1,0,0,9H78/D,
347,Adael Amador#,22,COL,NL,-1.2,41,128,113,5,20,7,0,1,10,1,1,11,27,0.177,0.256,0.265,0.521,40,0.244,36,30,2,1,3,0,0,4/H,
364,Joshua Palacios*,29,CHW,AL,-1.2,51,145,128,11,26,4,0,3,9,0,0,12,36,0.203,0.292,0.305,0.596,68,0.276,71,39,0,4,1,0,0,97/HD,
430,Orlando Arcia,30,2TM,NL,-1.2,76,214,203,13,41,7,1,3,13,0,1,10,47,0.202,0.238,0.291,0.529,42,0.243,39,59,4,0,0,1,0,6453/HD,
348,Jacob Stallings,35,2TM,2LG,-1.3,42,129,119,5,16,4,0,0,9,0,0,6,40,0.134,0.195,0.168,0.363,0,0.178,-8,20,5,3,1,0,0,2/H1,
447,Jac Caglianone*,22,KCR,AL,-1.3,62,232,210,19,33,6,1,7,18,1,0,18,52,0.157,0.237,0.295,0.532,49,0.238,43,62,4,4,0,0,0,93/DH,
566,Tyler Freeman,26,COL,NL,-1.3,110,428,377,50,106,20,2,2,31,18,9,34,51,0.281,0.354,0.361,0.715,92,0.324,93,136,10,11,2,4,0,9D4H/57,
374,Jhonkensy Noel,23,CLE,AL,-1.4,69,153,148,19,24,2,0,6,13,0,0,4,52,0.162,0.183,0.297,0.48,30,0.211,22,44,4,0,0,1,0,9H/37D,
503,Santiago Espinal,30,CIN,NL,-1.4,114,328,301,25,73,12,0,0,16,2,1,21,38,0.243,0.292,0.282,0.575,58,0.257,48,85,11,1,3,2,0,54H7/93D6,
316,Hunter Renfroe,33,KCR,AL,-1.5,35,108,99,5,18,6,0,0,4,0,0,8,21,0.182,0.241,0.242,0.483,37,0.216,28,24,4,0,0,1,0,9/HD,
426,Josh Rojas*,31,CHW,AL,-1.5,69,211,189,14,34,9,0,2,11,4,1,19,48,0.18,0.252,0.259,0.512,45,0.246,48,49,6,0,1,2,0,54/7H,
382,Heston Kjerstad*,26,BAL,AL,-1.6,54,167,156,16,30,5,2,4,19,1,0,6,45,0.192,0.24,0.327,0.566,59,0.253,56,51,9,4,0,1,0,79/HD,
452,LaMonte Wade Jr.*,31,2TM,2LG,-1.7,80,242,209,19,35,8,2,2,18,1,0,27,58,0.167,0.271,0.254,0.524,50,0.247,52,53,2,3,2,1,1,39H/D7,
510,Michael Toglia#,26,COL,NL,-1.7,88,337,306,22,58,15,1,11,32,3,0,28,132,0.19,0.258,0.353,0.611,61,0.272,54,108,7,1,0,2,2,3/DH,
547,Jordan Walker,23,STL,NL,-1.7,111,396,363,40,78,13,1,6,41,10,3,29,126,0.215,0.278,0.306,0.584,66,0.273,69,111,9,3,0,1,1,9/HD,